asset_path,usage_count,referenced_by,target_origin,status
"/manus-storage/air-china-logo_82faeab7_856951ae.png","1","app/AirlineDirectory.tsx","NEXT_PUBLIC_STATIC_ASSET_ORIGIN","pending_upload_to_kvbk_project"
"/manus-storage/air-france-logo_bbe5720c_3f2099b5.png","1","app/AirlineDirectory.tsx","NEXT_PUBLIC_STATIC_ASSET_ORIGIN","pending_upload_to_kvbk_project"
"/manus-storage/air-india-logo_c2abe7e4_ae8cdfb0.png","1","app/AirlineDirectory.tsx","NEXT_PUBLIC_STATIC_ASSET_ORIGIN","pending_upload_to_kvbk_project"
"/manus-storage/airasia-logo_ca30780b_c24756f2.png","1","app/AirlineDirectory.tsx","NEXT_PUBLIC_STATIC_ASSET_ORIGIN","pending_upload_to_kvbk_project"
"/manus-storage/all-nippon-airways-logo_5000cce1_c26fe238.png","1","app/AirlineDirectory.tsx","NEXT_PUBLIC_STATIC_ASSET_ORIGIN","pending_upload_to_kvbk_project"
"/manus-storage/american-airlines-logo_471efb69_e68fe55f.png","1","app/AirlineDirectory.tsx","NEXT_PUBLIC_STATIC_ASSET_ORIGIN","pending_upload_to_kvbk_project"
"/manus-storage/asiana-airlines-logo_1d2c35f3_aace0ee1.png","1","app/AirlineDirectory.tsx","NEXT_PUBLIC_STATIC_ASSET_ORIGIN","pending_upload_to_kvbk_project"
"/manus-storage/bamboo-airways-logo_b7b42a7f_90aa52ad.png","1","app/AirlineDirectory.tsx","NEXT_PUBLIC_STATIC_ASSET_ORIGIN","pending_upload_to_kvbk_project"
"/manus-storage/batik-air-malaysia-logo_91fc81e3_8a1e96b6.png","1","app/AirlineDirectory.tsx","NEXT_PUBLIC_STATIC_ASSET_ORIGIN","pending_upload_to_kvbk_project"
"/manus-storage/british-airways-logo_2465e639_6f2552ee.png","1","app/AirlineDirectory.tsx","NEXT_PUBLIC_STATIC_ASSET_ORIGIN","pending_upload_to_kvbk_project"
"/manus-storage/cabin-board-aeromexico-v2_b32bad8d.png","1","app/airline-cabin-assets.ts","NEXT_PUBLIC_STATIC_ASSET_ORIGIN","pending_upload_to_kvbk_project"
"/manus-storage/cabin-board-air-canada-v2_0a8da784.png","1","app/airline-cabin-assets.ts","NEXT_PUBLIC_STATIC_ASSET_ORIGIN","pending_upload_to_kvbk_project"
"/manus-storage/cabin-board-air-china-v2_a1920ca7.png","1","app/airline-cabin-assets.ts","NEXT_PUBLIC_STATIC_ASSET_ORIGIN","pending_upload_to_kvbk_project"
"/manus-storage/cabin-board-air-france-v2_629502b8.png","1","app/airline-cabin-assets.ts","NEXT_PUBLIC_STATIC_ASSET_ORIGIN","pending_upload_to_kvbk_project"
"/manus-storage/cabin-board-air-india-v2_454928f3.png","1","app/airline-cabin-assets.ts","NEXT_PUBLIC_STATIC_ASSET_ORIGIN","pending_upload_to_kvbk_project"
"/manus-storage/cabin-board-air-macau-v2_75c3579d.png","1","app/airline-cabin-assets.ts","NEXT_PUBLIC_STATIC_ASSET_ORIGIN","pending_upload_to_kvbk_project"
"/manus-storage/cabin-board-air-mauritius_eaf20bc9.png","1","app/airline-cabin-assets.ts","NEXT_PUBLIC_STATIC_ASSET_ORIGIN","pending_upload_to_kvbk_project"
"/manus-storage/cabin-board-air-new-zealand_74cfc596.png","1","app/airline-cabin-assets.ts","NEXT_PUBLIC_STATIC_ASSET_ORIGIN","pending_upload_to_kvbk_project"
"/manus-storage/cabin-board-airasia_82ef50de.png","1","app/airline-cabin-assets.ts","NEXT_PUBLIC_STATIC_ASSET_ORIGIN","pending_upload_to_kvbk_project"
"/manus-storage/cabin-board-alaska-airlines-v2_b708bb34.png","1","app/airline-cabin-assets.ts","NEXT_PUBLIC_STATIC_ASSET_ORIGIN","pending_upload_to_kvbk_project"
"/manus-storage/cabin-board-all-nippon-airways_dc3883a1.png","1","app/airline-cabin-assets.ts","NEXT_PUBLIC_STATIC_ASSET_ORIGIN","pending_upload_to_kvbk_project"
"/manus-storage/cabin-board-american-airlines-v2_dfce3b41.png","1","app/airline-cabin-assets.ts","NEXT_PUBLIC_STATIC_ASSET_ORIGIN","pending_upload_to_kvbk_project"
"/manus-storage/cabin-board-asiana-airlines_163e0c9d.png","1","app/airline-cabin-assets.ts","NEXT_PUBLIC_STATIC_ASSET_ORIGIN","pending_upload_to_kvbk_project"
"/manus-storage/cabin-board-austrian-airlines-v2_035a304d.png","1","app/airline-cabin-assets.ts","NEXT_PUBLIC_STATIC_ASSET_ORIGIN","pending_upload_to_kvbk_project"
"/manus-storage/cabin-board-bamboo-airways_64381f24.png","1","app/airline-cabin-assets.ts","NEXT_PUBLIC_STATIC_ASSET_ORIGIN","pending_upload_to_kvbk_project"
"/manus-storage/cabin-board-batik-air-indonesia-v2_70820778.png","1","app/airline-cabin-assets.ts","NEXT_PUBLIC_STATIC_ASSET_ORIGIN","pending_upload_to_kvbk_project"
"/manus-storage/cabin-board-batik-air-malaysia-v2_17b66d19.png","1","app/airline-cabin-assets.ts","NEXT_PUBLIC_STATIC_ASSET_ORIGIN","pending_upload_to_kvbk_project"
"/manus-storage/cabin-board-british-airways_50aa55e7.png","1","app/airline-cabin-assets.ts","NEXT_PUBLIC_STATIC_ASSET_ORIGIN","pending_upload_to_kvbk_project"
"/manus-storage/cabin-board-cathay-pacific_f3141fa0.png","1","app/airline-cabin-assets.ts","NEXT_PUBLIC_STATIC_ASSET_ORIGIN","pending_upload_to_kvbk_project"
"/manus-storage/cabin-board-cebu-pacific-v2_74166e0a.png","1","app/airline-cabin-assets.ts","NEXT_PUBLIC_STATIC_ASSET_ORIGIN","pending_upload_to_kvbk_project"
"/manus-storage/cabin-board-china-airlines_f70870ef.png","1","app/airline-cabin-assets.ts","NEXT_PUBLIC_STATIC_ASSET_ORIGIN","pending_upload_to_kvbk_project"
"/manus-storage/cabin-board-china-eastern-v2_5f542d6c.png","1","app/airline-cabin-assets.ts","NEXT_PUBLIC_STATIC_ASSET_ORIGIN","pending_upload_to_kvbk_project"
"/manus-storage/cabin-board-china-southern-v2_2d595b71.png","1","app/airline-cabin-assets.ts","NEXT_PUBLIC_STATIC_ASSET_ORIGIN","pending_upload_to_kvbk_project"
"/manus-storage/cabin-board-delta-air-lines-v2_ae2cf234.png","1","app/airline-cabin-assets.ts","NEXT_PUBLIC_STATIC_ASSET_ORIGIN","pending_upload_to_kvbk_project"
"/manus-storage/cabin-board-egyptair-v2_6d68ad30.png","1","app/airline-cabin-assets.ts","NEXT_PUBLIC_STATIC_ASSET_ORIGIN","pending_upload_to_kvbk_project"
"/manus-storage/cabin-board-emirates_5c56e48b.png","1","app/airline-cabin-assets.ts","NEXT_PUBLIC_STATIC_ASSET_ORIGIN","pending_upload_to_kvbk_project"
"/manus-storage/cabin-board-ethiopian-airlines_236c551e.png","1","app/airline-cabin-assets.ts","NEXT_PUBLIC_STATIC_ASSET_ORIGIN","pending_upload_to_kvbk_project"
"/manus-storage/cabin-board-etihad-airways_f67ab0cb.png","1","app/airline-cabin-assets.ts","NEXT_PUBLIC_STATIC_ASSET_ORIGIN","pending_upload_to_kvbk_project"
"/manus-storage/cabin-board-eva-air_d62f9e1d.png","1","app/airline-cabin-assets.ts","NEXT_PUBLIC_STATIC_ASSET_ORIGIN","pending_upload_to_kvbk_project"
"/manus-storage/cabin-board-finnair-v2_4a2907ea.png","1","app/airline-cabin-assets.ts","NEXT_PUBLIC_STATIC_ASSET_ORIGIN","pending_upload_to_kvbk_project"
"/manus-storage/cabin-board-garuda-indonesia_98cbb8de.png","1","app/airline-cabin-assets.ts","NEXT_PUBLIC_STATIC_ASSET_ORIGIN","pending_upload_to_kvbk_project"
"/manus-storage/cabin-board-gulf-air-v2_1f9ab782.png","1","app/airline-cabin-assets.ts","NEXT_PUBLIC_STATIC_ASSET_ORIGIN","pending_upload_to_kvbk_project"
"/manus-storage/cabin-board-hainan-airlines_8be4363a.png","1","app/airline-cabin-assets.ts","NEXT_PUBLIC_STATIC_ASSET_ORIGIN","pending_upload_to_kvbk_project"
"/manus-storage/cabin-board-hk-express_f2fe814c.png","1","app/airline-cabin-assets.ts","NEXT_PUBLIC_STATIC_ASSET_ORIGIN","pending_upload_to_kvbk_project"
"/manus-storage/cabin-board-hong-kong-airlines-v2_2d54f6e8.png","1","app/airline-cabin-assets.ts","NEXT_PUBLIC_STATIC_ASSET_ORIGIN","pending_upload_to_kvbk_project"
"/manus-storage/cabin-board-indigo_a6cf0afe.png","1","app/airline-cabin-assets.ts","NEXT_PUBLIC_STATIC_ASSET_ORIGIN","pending_upload_to_kvbk_project"
"/manus-storage/cabin-board-japan-airlines_397f4732.png","1","app/airline-cabin-assets.ts","NEXT_PUBLIC_STATIC_ASSET_ORIGIN","pending_upload_to_kvbk_project"
"/manus-storage/cabin-board-jetstar-airways_5e43d3fc.png","1","app/airline-cabin-assets.ts","NEXT_PUBLIC_STATIC_ASSET_ORIGIN","pending_upload_to_kvbk_project"
"/manus-storage/cabin-board-kenya-airways_26be3732.png","1","app/airline-cabin-assets.ts","NEXT_PUBLIC_STATIC_ASSET_ORIGIN","pending_upload_to_kvbk_project"
"/manus-storage/cabin-board-klm-v2_12213757.png","1","app/airline-cabin-assets.ts","NEXT_PUBLIC_STATIC_ASSET_ORIGIN","pending_upload_to_kvbk_project"
"/manus-storage/cabin-board-korean-air_66be602c.png","1","app/airline-cabin-assets.ts","NEXT_PUBLIC_STATIC_ASSET_ORIGIN","pending_upload_to_kvbk_project"
"/manus-storage/cabin-board-kuwait-airways-v2_5b063b47.png","1","app/airline-cabin-assets.ts","NEXT_PUBLIC_STATIC_ASSET_ORIGIN","pending_upload_to_kvbk_project"
"/manus-storage/cabin-board-lion-air-v2_73a41316.png","1","app/airline-cabin-assets.ts","NEXT_PUBLIC_STATIC_ASSET_ORIGIN","pending_upload_to_kvbk_project"
"/manus-storage/cabin-board-lot-polish-airlines-v2_0b8e78e1.png","1","app/airline-cabin-assets.ts","NEXT_PUBLIC_STATIC_ASSET_ORIGIN","pending_upload_to_kvbk_project"
"/manus-storage/cabin-board-lufthansa-v2_ae74db2a.png","1","app/airline-cabin-assets.ts","NEXT_PUBLIC_STATIC_ASSET_ORIGIN","pending_upload_to_kvbk_project"
"/manus-storage/cabin-board-malaysia-airlines-v2_cbaf3cff.png","1","app/airline-cabin-assets.ts","NEXT_PUBLIC_STATIC_ASSET_ORIGIN","pending_upload_to_kvbk_project"
"/manus-storage/cabin-board-oman-air-v2_1edb10b6.png","1","app/airline-cabin-assets.ts","NEXT_PUBLIC_STATIC_ASSET_ORIGIN","pending_upload_to_kvbk_project"
"/manus-storage/cabin-board-peach-aviation_9833b554.png","1","app/airline-cabin-assets.ts","NEXT_PUBLIC_STATIC_ASSET_ORIGIN","pending_upload_to_kvbk_project"
"/manus-storage/cabin-board-philippine-airlines-v2_503dc636.png","1","app/airline-cabin-assets.ts","NEXT_PUBLIC_STATIC_ASSET_ORIGIN","pending_upload_to_kvbk_project"
"/manus-storage/cabin-board-qantas-v2_09c20ffd.png","1","app/airline-cabin-assets.ts","NEXT_PUBLIC_STATIC_ASSET_ORIGIN","pending_upload_to_kvbk_project"
"/manus-storage/cabin-board-qatar-airways_5579aa91.png","1","app/airline-cabin-assets.ts","NEXT_PUBLIC_STATIC_ASSET_ORIGIN","pending_upload_to_kvbk_project"
"/manus-storage/cabin-board-saudia-v2_c91db16a.png","1","app/airline-cabin-assets.ts","NEXT_PUBLIC_STATIC_ASSET_ORIGIN","pending_upload_to_kvbk_project"
"/manus-storage/cabin-board-scoot_566f01bf.png","1","app/airline-cabin-assets.ts","NEXT_PUBLIC_STATIC_ASSET_ORIGIN","pending_upload_to_kvbk_project"
"/manus-storage/cabin-board-shanghai-airlines-v2_05750c4e.png","1","app/airline-cabin-assets.ts","NEXT_PUBLIC_STATIC_ASSET_ORIGIN","pending_upload_to_kvbk_project"
"/manus-storage/cabin-board-sichuan-airlines_0b22c723.png","1","app/airline-cabin-assets.ts","NEXT_PUBLIC_STATIC_ASSET_ORIGIN","pending_upload_to_kvbk_project"
"/manus-storage/cabin-board-singapore-airlines_4b8c0492.png","1","app/airline-cabin-assets.ts","NEXT_PUBLIC_STATIC_ASSET_ORIGIN","pending_upload_to_kvbk_project"
"/manus-storage/cabin-board-srilankan-airlines-v2_211b1fe2.png","1","app/airline-cabin-assets.ts","NEXT_PUBLIC_STATIC_ASSET_ORIGIN","pending_upload_to_kvbk_project"
"/manus-storage/cabin-board-starlux-airlines_be1d961b.png","1","app/airline-cabin-assets.ts","NEXT_PUBLIC_STATIC_ASSET_ORIGIN","pending_upload_to_kvbk_project"
"/manus-storage/cabin-board-swiss-international-air-lines-v2_8bf16326.png","1","app/airline-cabin-assets.ts","NEXT_PUBLIC_STATIC_ASSET_ORIGIN","pending_upload_to_kvbk_project"
"/manus-storage/cabin-board-thai-airways_97ceb6df.png","1","app/airline-cabin-assets.ts","NEXT_PUBLIC_STATIC_ASSET_ORIGIN","pending_upload_to_kvbk_project"
"/manus-storage/cabin-board-turkish-airlines_7c177901.png","1","app/airline-cabin-assets.ts","NEXT_PUBLIC_STATIC_ASSET_ORIGIN","pending_upload_to_kvbk_project"
"/manus-storage/cabin-board-united-airlines_181d4bc6.png","1","app/airline-cabin-assets.ts","NEXT_PUBLIC_STATIC_ASSET_ORIGIN","pending_upload_to_kvbk_project"
"/manus-storage/cabin-board-vietjet-air_434afbc3.png","1","app/airline-cabin-assets.ts","NEXT_PUBLIC_STATIC_ASSET_ORIGIN","pending_upload_to_kvbk_project"
"/manus-storage/cabin-board-vietnam-airlines_f5ea802c.png","1","app/airline-cabin-assets.ts","NEXT_PUBLIC_STATIC_ASSET_ORIGIN","pending_upload_to_kvbk_project"
"/manus-storage/cabin-board-vietravel-airlines_d2a7c877.png","1","app/airline-cabin-assets.ts","NEXT_PUBLIC_STATIC_ASSET_ORIGIN","pending_upload_to_kvbk_project"
"/manus-storage/cabin-board-xiamenair-v2_6a66f5a4.png","1","app/airline-cabin-assets.ts","NEXT_PUBLIC_STATIC_ASSET_ORIGIN","pending_upload_to_kvbk_project"
"/manus-storage/cathay-pacific-logo_52395503_51733108.png","1","app/AirlineDirectory.tsx","NEXT_PUBLIC_STATIC_ASSET_ORIGIN","pending_upload_to_kvbk_project"
"/manus-storage/cebu-pacific-logo_8a314d5d_02eb00bb.png","1","app/AirlineDirectory.tsx","NEXT_PUBLIC_STATIC_ASSET_ORIGIN","pending_upload_to_kvbk_project"
"/manus-storage/china-airlines-logo_66146f44_133abb37.png","1","app/AirlineDirectory.tsx","NEXT_PUBLIC_STATIC_ASSET_ORIGIN","pending_upload_to_kvbk_project"
"/manus-storage/china-eastern-logo_b08715da_e8b3ad40.png","1","app/AirlineDirectory.tsx","NEXT_PUBLIC_STATIC_ASSET_ORIGIN","pending_upload_to_kvbk_project"
"/manus-storage/china-southern-logo_8cba65c7_b3e7fc5a.png","1","app/AirlineDirectory.tsx","NEXT_PUBLIC_STATIC_ASSET_ORIGIN","pending_upload_to_kvbk_project"
"/manus-storage/delta-air-lines-logo_4560f629_2d7e6442.png","1","app/AirlineDirectory.tsx","NEXT_PUBLIC_STATIC_ASSET_ORIGIN","pending_upload_to_kvbk_project"
"/manus-storage/emirates-logo_b4ef523a_976979b0.png","1","app/AirlineDirectory.tsx","NEXT_PUBLIC_STATIC_ASSET_ORIGIN","pending_upload_to_kvbk_project"
"/manus-storage/etihad-airways-logo_f1aadcef_f5397a8d.png","1","app/AirlineDirectory.tsx","NEXT_PUBLIC_STATIC_ASSET_ORIGIN","pending_upload_to_kvbk_project"
"/manus-storage/eva-air-footer-airport-hub_95a5baca.png","1","app/content.ts","NEXT_PUBLIC_STATIC_ASSET_ORIGIN","pending_upload_to_kvbk_project"
"/manus-storage/eva-air-logo_d77d3e18_2651b8b7.png","1","app/AirlineDirectory.tsx","NEXT_PUBLIC_STATIC_ASSET_ORIGIN","pending_upload_to_kvbk_project"
"/manus-storage/garuda-indonesia-hd_035ffe91_7eb0c9bb.png","1","app/AirlineDirectory.tsx","NEXT_PUBLIC_STATIC_ASSET_ORIGIN","pending_upload_to_kvbk_project"
"/manus-storage/hainan-airlines-logo_4a1a5887_075995aa.png","1","app/AirlineDirectory.tsx","NEXT_PUBLIC_STATIC_ASSET_ORIGIN","pending_upload_to_kvbk_project"
"/manus-storage/hero-aeromexico_7133926d.png","1","app/content.ts","NEXT_PUBLIC_STATIC_ASSET_ORIGIN","pending_upload_to_kvbk_project"
"/manus-storage/hero-aeromexico-v2_4ca53a5a.png","1","app/content.ts","NEXT_PUBLIC_STATIC_ASSET_ORIGIN","pending_upload_to_kvbk_project"
"/manus-storage/hero-air-india-v2_a9eecef4.png","1","app/content.ts","NEXT_PUBLIC_STATIC_ASSET_ORIGIN","pending_upload_to_kvbk_project"
"/manus-storage/hero-air-macau_d6c8fcb4.png","1","app/content.ts","NEXT_PUBLIC_STATIC_ASSET_ORIGIN","pending_upload_to_kvbk_project"
"/manus-storage/hero-air-mauritius_c04c2e42.png","1","app/content.ts","NEXT_PUBLIC_STATIC_ASSET_ORIGIN","pending_upload_to_kvbk_project"
"/manus-storage/hero-air-mauritius-v2_0e088077.png","1","app/content.ts","NEXT_PUBLIC_STATIC_ASSET_ORIGIN","pending_upload_to_kvbk_project"
"/manus-storage/hero-air-new-zealand_c44aadf8.png","1","app/content.ts","NEXT_PUBLIC_STATIC_ASSET_ORIGIN","pending_upload_to_kvbk_project"
"/manus-storage/hero-air-new-zealand-v2_1a463ce4.png","1","app/content.ts","NEXT_PUBLIC_STATIC_ASSET_ORIGIN","pending_upload_to_kvbk_project"
"/manus-storage/hero-alaska-airlines_8d4ec261.png","1","app/content.ts","NEXT_PUBLIC_STATIC_ASSET_ORIGIN","pending_upload_to_kvbk_project"
"/manus-storage/hero-all-nippon-airways-v2_fa55aacb.png","1","app/content.ts","NEXT_PUBLIC_STATIC_ASSET_ORIGIN","pending_upload_to_kvbk_project"
"/manus-storage/hero-austrian-airlines_f690c48f.png","1","app/content.ts","NEXT_PUBLIC_STATIC_ASSET_ORIGIN","pending_upload_to_kvbk_project"
"/manus-storage/hero-austrian-airlines-v2_7e18c19b.png","1","app/content.ts","NEXT_PUBLIC_STATIC_ASSET_ORIGIN","pending_upload_to_kvbk_project"
"/manus-storage/hero-bamboo-airways-v2_66158362.png","1","app/content.ts","NEXT_PUBLIC_STATIC_ASSET_ORIGIN","pending_upload_to_kvbk_project"
"/manus-storage/hero-batik-air-indonesia_a2816acc.png","1","app/content.ts","NEXT_PUBLIC_STATIC_ASSET_ORIGIN","pending_upload_to_kvbk_project"
"/manus-storage/hero-batik-air-indonesia-v2_18c8195f.png","1","app/content.ts","NEXT_PUBLIC_STATIC_ASSET_ORIGIN","pending_upload_to_kvbk_project"
"/manus-storage/hero-batik-air-malaysia_42e31218.png","1","app/content.ts","NEXT_PUBLIC_STATIC_ASSET_ORIGIN","pending_upload_to_kvbk_project"
"/manus-storage/hero-british-airways_d01903cc.png","1","app/content.ts","NEXT_PUBLIC_STATIC_ASSET_ORIGIN","pending_upload_to_kvbk_project"
"/manus-storage/hero-british-airways-v2_a30a8fad.png","1","app/content.ts","NEXT_PUBLIC_STATIC_ASSET_ORIGIN","pending_upload_to_kvbk_project"
"/manus-storage/hero-cathay-pacific-v2_9956aa84.png","1","app/content.ts","NEXT_PUBLIC_STATIC_ASSET_ORIGIN","pending_upload_to_kvbk_project"
"/manus-storage/hero-egyptair_45ad336e.png","1","app/content.ts","NEXT_PUBLIC_STATIC_ASSET_ORIGIN","pending_upload_to_kvbk_project"
"/manus-storage/hero-egyptair-v2_f6581f9e.png","1","app/content.ts","NEXT_PUBLIC_STATIC_ASSET_ORIGIN","pending_upload_to_kvbk_project"
"/manus-storage/hero-emirates-v2_45f871b9.png","1","app/content.ts","NEXT_PUBLIC_STATIC_ASSET_ORIGIN","pending_upload_to_kvbk_project"
"/manus-storage/hero-ethiopian-airlines_13ff7b2f.png","1","app/content.ts","NEXT_PUBLIC_STATIC_ASSET_ORIGIN","pending_upload_to_kvbk_project"
"/manus-storage/hero-ethiopian-airlines-v2_83d06edc.png","1","app/content.ts","NEXT_PUBLIC_STATIC_ASSET_ORIGIN","pending_upload_to_kvbk_project"
"/manus-storage/hero-etihad-airways_fbeca38d.png","1","app/content.ts","NEXT_PUBLIC_STATIC_ASSET_ORIGIN","pending_upload_to_kvbk_project"
"/manus-storage/hero-etihad-airways-v2_588a73ff.png","1","app/content.ts","NEXT_PUBLIC_STATIC_ASSET_ORIGIN","pending_upload_to_kvbk_project"
"/manus-storage/hero-eva-air-uniform-green_4c34273d.webp","1","app/content.ts","NEXT_PUBLIC_STATIC_ASSET_ORIGIN","pending_upload_to_kvbk_project"
"/manus-storage/hero-finnair_2aa0c17c.png","1","app/content.ts","NEXT_PUBLIC_STATIC_ASSET_ORIGIN","pending_upload_to_kvbk_project"
"/manus-storage/hero-gulf-air_6554797b.png","1","app/content.ts","NEXT_PUBLIC_STATIC_ASSET_ORIGIN","pending_upload_to_kvbk_project"
"/manus-storage/hero-hainan-airlines_d484c474.png","1","app/content.ts","NEXT_PUBLIC_STATIC_ASSET_ORIGIN","pending_upload_to_kvbk_project"
"/manus-storage/hero-hk-express_56c13f6e.png","1","app/content.ts","NEXT_PUBLIC_STATIC_ASSET_ORIGIN","pending_upload_to_kvbk_project"
"/manus-storage/hero-hk-express-v2_40eb80ab.png","1","app/content.ts","NEXT_PUBLIC_STATIC_ASSET_ORIGIN","pending_upload_to_kvbk_project"
"/manus-storage/hero-hong-kong-airlines_400cea04.png","1","app/content.ts","NEXT_PUBLIC_STATIC_ASSET_ORIGIN","pending_upload_to_kvbk_project"
"/manus-storage/hero-japan-airlines-v2_faf38fdb.png","1","app/content.ts","NEXT_PUBLIC_STATIC_ASSET_ORIGIN","pending_upload_to_kvbk_project"
"/manus-storage/hero-jetstar-airways_de335682.png","1","app/content.ts","NEXT_PUBLIC_STATIC_ASSET_ORIGIN","pending_upload_to_kvbk_project"
"/manus-storage/hero-jetstar-airways-v2_844cab51.png","1","app/content.ts","NEXT_PUBLIC_STATIC_ASSET_ORIGIN","pending_upload_to_kvbk_project"
"/manus-storage/hero-kenya-airways_efbd4433.png","1","app/content.ts","NEXT_PUBLIC_STATIC_ASSET_ORIGIN","pending_upload_to_kvbk_project"
"/manus-storage/hero-kenya-airways-v2_252a689c.png","1","app/content.ts","NEXT_PUBLIC_STATIC_ASSET_ORIGIN","pending_upload_to_kvbk_project"
"/manus-storage/hero-klm_08a6fea4.png","1","app/content.ts","NEXT_PUBLIC_STATIC_ASSET_ORIGIN","pending_upload_to_kvbk_project"
"/manus-storage/hero-kuwait-airways_6adfc5c1.png","1","app/content.ts","NEXT_PUBLIC_STATIC_ASSET_ORIGIN","pending_upload_to_kvbk_project"
"/manus-storage/hero-lion-air_2e45214a.png","1","app/content.ts","NEXT_PUBLIC_STATIC_ASSET_ORIGIN","pending_upload_to_kvbk_project"
"/manus-storage/hero-lot-polish-airlines_7df2d39e.png","1","app/content.ts","NEXT_PUBLIC_STATIC_ASSET_ORIGIN","pending_upload_to_kvbk_project"
"/manus-storage/hero-lot-polish-airlines-v2_ddd8c5c4.png","1","app/content.ts","NEXT_PUBLIC_STATIC_ASSET_ORIGIN","pending_upload_to_kvbk_project"
"/manus-storage/hero-lufthansa_9a60111a.png","1","app/content.ts","NEXT_PUBLIC_STATIC_ASSET_ORIGIN","pending_upload_to_kvbk_project"
"/manus-storage/hero-lufthansa-v2_70beb6ac.png","1","app/content.ts","NEXT_PUBLIC_STATIC_ASSET_ORIGIN","pending_upload_to_kvbk_project"
"/manus-storage/hero-oman-air_c9fa4ffe.png","1","app/content.ts","NEXT_PUBLIC_STATIC_ASSET_ORIGIN","pending_upload_to_kvbk_project"
"/manus-storage/hero-oman-air-v2_be54344e.png","1","app/content.ts","NEXT_PUBLIC_STATIC_ASSET_ORIGIN","pending_upload_to_kvbk_project"
"/manus-storage/hero-peach-aviation_0059318d.png","1","app/content.ts","NEXT_PUBLIC_STATIC_ASSET_ORIGIN","pending_upload_to_kvbk_project"
"/manus-storage/hero-saudia_e759e889.png","1","app/content.ts","NEXT_PUBLIC_STATIC_ASSET_ORIGIN","pending_upload_to_kvbk_project"
"/manus-storage/hero-saudia-v2_62c6a53e.png","1","app/content.ts","NEXT_PUBLIC_STATIC_ASSET_ORIGIN","pending_upload_to_kvbk_project"
"/manus-storage/hero-scoot-v2_7b00625f.png","1","app/content.ts","NEXT_PUBLIC_STATIC_ASSET_ORIGIN","pending_upload_to_kvbk_project"
"/manus-storage/hero-shanghai-airlines_5247daa9.png","1","app/content.ts","NEXT_PUBLIC_STATIC_ASSET_ORIGIN","pending_upload_to_kvbk_project"
"/manus-storage/hero-shanghai-airlines-v2_5c04a7f5.png","1","app/content.ts","NEXT_PUBLIC_STATIC_ASSET_ORIGIN","pending_upload_to_kvbk_project"
"/manus-storage/hero-sichuan-airlines_f8d1cf04.png","1","app/content.ts","NEXT_PUBLIC_STATIC_ASSET_ORIGIN","pending_upload_to_kvbk_project"
"/manus-storage/hero-sichuan-airlines-v2_55ed67f4.png","1","app/content.ts","NEXT_PUBLIC_STATIC_ASSET_ORIGIN","pending_upload_to_kvbk_project"
"/manus-storage/hero-singapore-airlines-v2_00eabc43.png","1","app/content.ts","NEXT_PUBLIC_STATIC_ASSET_ORIGIN","pending_upload_to_kvbk_project"
"/manus-storage/hero-swiss-international-air-lines_5efa5cb2.png","1","app/content.ts","NEXT_PUBLIC_STATIC_ASSET_ORIGIN","pending_upload_to_kvbk_project"
"/manus-storage/hero-swiss-international-air-lines-v2_5e85366e.png","1","app/content.ts","NEXT_PUBLIC_STATIC_ASSET_ORIGIN","pending_upload_to_kvbk_project"
"/manus-storage/hero-turkish-airlines-v2_034504b1.png","1","app/content.ts","NEXT_PUBLIC_STATIC_ASSET_ORIGIN","pending_upload_to_kvbk_project"
"/manus-storage/hero-united-airlines-v2_84799ef7.png","1","app/content.ts","NEXT_PUBLIC_STATIC_ASSET_ORIGIN","pending_upload_to_kvbk_project"
"/manus-storage/hero-vietjet-air-v2_04c82f57.png","1","app/content.ts","NEXT_PUBLIC_STATIC_ASSET_ORIGIN","pending_upload_to_kvbk_project"
"/manus-storage/hero-vietnam-airlines-v2_1a1231d1.png","1","app/content.ts","NEXT_PUBLIC_STATIC_ASSET_ORIGIN","pending_upload_to_kvbk_project"
"/manus-storage/hero-vietravel-airlines_fc0ae7f0.png","1","app/content.ts","NEXT_PUBLIC_STATIC_ASSET_ORIGIN","pending_upload_to_kvbk_project"
"/manus-storage/hong-kong-airlines-logo_fe6ff039_614c0c34.png","1","app/AirlineDirectory.tsx","NEXT_PUBLIC_STATIC_ASSET_ORIGIN","pending_upload_to_kvbk_project"
"/manus-storage/indigo-logo_4ffaaf69_22f0e3ed.png","1","app/AirlineDirectory.tsx","NEXT_PUBLIC_STATIC_ASSET_ORIGIN","pending_upload_to_kvbk_project"
"/manus-storage/japan-airlines-logo_38e40548_651d7d02.png","1","app/AirlineDirectory.tsx","NEXT_PUBLIC_STATIC_ASSET_ORIGIN","pending_upload_to_kvbk_project"
"/manus-storage/jetstar-airways-logo_036ad07f_ed67c534.png","1","app/AirlineDirectory.tsx","NEXT_PUBLIC_STATIC_ASSET_ORIGIN","pending_upload_to_kvbk_project"
"/manus-storage/khangvuong-hero-airport_2fb31192.png","1","app/HomeHero.tsx","NEXT_PUBLIC_STATIC_ASSET_ORIGIN","pending_upload_to_kvbk_project"
"/manus-storage/khangvuong-hero-airport-family-optimized_325826c7.webp","1","app/HomeHero.tsx","NEXT_PUBLIC_STATIC_ASSET_ORIGIN","pending_upload_to_kvbk_project"
"/manus-storage/khangvuongbooking-logo-optimized_beb3e0b1.webp","1","app/SiteShell.tsx","NEXT_PUBLIC_STATIC_ASSET_ORIGIN","pending_upload_to_kvbk_project"
"/manus-storage/korean-air-logo_8f024276_02b989cf.png","1","app/AirlineDirectory.tsx","NEXT_PUBLIC_STATIC_ASSET_ORIGIN","pending_upload_to_kvbk_project"
"/manus-storage/kvbk-airline-air-canada_74e64dfe.png","1","app/content.ts","NEXT_PUBLIC_STATIC_ASSET_ORIGIN","pending_upload_to_kvbk_project"
"/manus-storage/kvbk-airline-air-china_de95e060.png","1","app/content.ts","NEXT_PUBLIC_STATIC_ASSET_ORIGIN","pending_upload_to_kvbk_project"
"/manus-storage/kvbk-airline-air-france_2bdb37d6.png","1","app/content.ts","NEXT_PUBLIC_STATIC_ASSET_ORIGIN","pending_upload_to_kvbk_project"
"/manus-storage/kvbk-airline-air-india_2ce813c.png","1","app/content.ts","NEXT_PUBLIC_STATIC_ASSET_ORIGIN","pending_upload_to_kvbk_project"
"/manus-storage/kvbk-airline-airasia_1bf61486.png","1","app/content.ts","NEXT_PUBLIC_STATIC_ASSET_ORIGIN","pending_upload_to_kvbk_project"
"/manus-storage/kvbk-airline-all-nippon-airways_1687af46.png","1","app/content.ts","NEXT_PUBLIC_STATIC_ASSET_ORIGIN","pending_upload_to_kvbk_project"
"/manus-storage/kvbk-airline-american-airlines_e483cd54.png","1","app/content.ts","NEXT_PUBLIC_STATIC_ASSET_ORIGIN","pending_upload_to_kvbk_project"
"/manus-storage/kvbk-airline-asiana-airlines_d3abb875.png","1","app/content.ts","NEXT_PUBLIC_STATIC_ASSET_ORIGIN","pending_upload_to_kvbk_project"
"/manus-storage/kvbk-airline-bamboo-airways_8cb4360a.png","1","app/content.ts","NEXT_PUBLIC_STATIC_ASSET_ORIGIN","pending_upload_to_kvbk_project"
"/manus-storage/kvbk-airline-cathay-pacific_187490c5.png","1","app/content.ts","NEXT_PUBLIC_STATIC_ASSET_ORIGIN","pending_upload_to_kvbk_project"
"/manus-storage/kvbk-airline-cebu-pacific_8d58910b.png","1","app/content.ts","NEXT_PUBLIC_STATIC_ASSET_ORIGIN","pending_upload_to_kvbk_project"
"/manus-storage/kvbk-airline-china-airlines_50ee1926.png","1","app/content.ts","NEXT_PUBLIC_STATIC_ASSET_ORIGIN","pending_upload_to_kvbk_project"
"/manus-storage/kvbk-airline-china-eastern-airlines_606d7079.png","1","app/content.ts","NEXT_PUBLIC_STATIC_ASSET_ORIGIN","pending_upload_to_kvbk_project"
"/manus-storage/kvbk-airline-china-southern-airlines_3a17ec95.png","1","app/content.ts","NEXT_PUBLIC_STATIC_ASSET_ORIGIN","pending_upload_to_kvbk_project"
"/manus-storage/kvbk-airline-delta-air-lines_deb76506.png","1","app/content.ts","NEXT_PUBLIC_STATIC_ASSET_ORIGIN","pending_upload_to_kvbk_project"
"/manus-storage/kvbk-airline-emirates_9df19fb4.png","1","app/content.ts","NEXT_PUBLIC_STATIC_ASSET_ORIGIN","pending_upload_to_kvbk_project"
"/manus-storage/kvbk-airline-garuda-indonesia_597508ea.png","1","app/content.ts","NEXT_PUBLIC_STATIC_ASSET_ORIGIN","pending_upload_to_kvbk_project"
"/manus-storage/kvbk-airline-hero-style-reference_c3bb3b4c.png","1","app/content.ts","NEXT_PUBLIC_STATIC_ASSET_ORIGIN","pending_upload_to_kvbk_project"
"/manus-storage/kvbk-airline-indigo_7b1f1e54.png","1","app/content.ts","NEXT_PUBLIC_STATIC_ASSET_ORIGIN","pending_upload_to_kvbk_project"
"/manus-storage/kvbk-airline-japan-airlines_7eca4e2b.png","1","app/content.ts","NEXT_PUBLIC_STATIC_ASSET_ORIGIN","pending_upload_to_kvbk_project"
"/manus-storage/kvbk-airline-korean-air_c6d89c55.png","1","app/content.ts","NEXT_PUBLIC_STATIC_ASSET_ORIGIN","pending_upload_to_kvbk_project"
"/manus-storage/kvbk-airline-malaysia-airlines_f756eb9e.png","1","app/content.ts","NEXT_PUBLIC_STATIC_ASSET_ORIGIN","pending_upload_to_kvbk_project"
"/manus-storage/kvbk-airline-philippine-airlines_7fe00d52.png","1","app/content.ts","NEXT_PUBLIC_STATIC_ASSET_ORIGIN","pending_upload_to_kvbk_project"
"/manus-storage/kvbk-airline-qantas_2bbe622c.png","1","app/content.ts","NEXT_PUBLIC_STATIC_ASSET_ORIGIN","pending_upload_to_kvbk_project"
"/manus-storage/kvbk-airline-qatar-airways_4f3c5edf.png","1","app/content.ts","NEXT_PUBLIC_STATIC_ASSET_ORIGIN","pending_upload_to_kvbk_project"
"/manus-storage/kvbk-airline-scoot_fb7a09b4.png","1","app/content.ts","NEXT_PUBLIC_STATIC_ASSET_ORIGIN","pending_upload_to_kvbk_project"
"/manus-storage/kvbk-airline-singapore-airlines_bf5bdf5d.png","1","app/content.ts","NEXT_PUBLIC_STATIC_ASSET_ORIGIN","pending_upload_to_kvbk_project"
"/manus-storage/kvbk-airline-srilankan-airlines_6cc7da29.png","1","app/content.ts","NEXT_PUBLIC_STATIC_ASSET_ORIGIN","pending_upload_to_kvbk_project"
"/manus-storage/kvbk-airline-starlux-airlines_9b5bc6e2.png","1","app/content.ts","NEXT_PUBLIC_STATIC_ASSET_ORIGIN","pending_upload_to_kvbk_project"
"/manus-storage/kvbk-airline-thai-airways_c0885768.png","1","app/content.ts","NEXT_PUBLIC_STATIC_ASSET_ORIGIN","pending_upload_to_kvbk_project"
"/manus-storage/kvbk-airline-turkish-airlines_fe98c0a2.png","1","app/content.ts","NEXT_PUBLIC_STATIC_ASSET_ORIGIN","pending_upload_to_kvbk_project"
"/manus-storage/kvbk-airline-vietjet-air_406f5744.png","1","app/content.ts","NEXT_PUBLIC_STATIC_ASSET_ORIGIN","pending_upload_to_kvbk_project"
"/manus-storage/kvbk-airline-vietnam-airlines_5fd8030a.png","1","app/content.ts","NEXT_PUBLIC_STATIC_ASSET_ORIGIN","pending_upload_to_kvbk_project"
"/manus-storage/kvbk-airline-xiamenair_a0d6118a.png","1","app/content.ts","NEXT_PUBLIC_STATIC_ASSET_ORIGIN","pending_upload_to_kvbk_project"
"/manus-storage/kvbk-destination-a-rap-xe-ut_417649c1.png","1","app/content.ts","NEXT_PUBLIC_STATIC_ASSET_ORIGIN","pending_upload_to_kvbk_project"
"/manus-storage/kvbk-destination-ai-cap_0bd60c55.png","1","app/content.ts","NEXT_PUBLIC_STATIC_ASSET_ORIGIN","pending_upload_to_kvbk_project"
"/manus-storage/kvbk-destination-an-do_88c20055.png","1","app/content.ts","NEXT_PUBLIC_STATIC_ASSET_ORIGIN","pending_upload_to_kvbk_project"
"/manus-storage/kvbk-destination-anh_d371a58f.png","1","app/content.ts","NEXT_PUBLIC_STATIC_ASSET_ORIGIN","pending_upload_to_kvbk_project"
"/manus-storage/kvbk-destination-ao_fc31a639.png","1","app/content.ts","NEXT_PUBLIC_STATIC_ASSET_ORIGIN","pending_upload_to_kvbk_project"
"/manus-storage/kvbk-destination-ba-lan_e339d7c6.png","1","app/content.ts","NEXT_PUBLIC_STATIC_ASSET_ORIGIN","pending_upload_to_kvbk_project"
"/manus-storage/kvbk-destination-canada_06ed8086.png","1","app/content.ts","NEXT_PUBLIC_STATIC_ASSET_ORIGIN","pending_upload_to_kvbk_project"
"/manus-storage/kvbk-destination-chau-au_b9d3d06b.png","1","app/content.ts","NEXT_PUBLIC_STATIC_ASSET_ORIGIN","pending_upload_to_kvbk_project"
"/manus-storage/kvbk-destination-cong-hoa-sec_5a951886.png","1","app/content.ts","NEXT_PUBLIC_STATIC_ASSET_ORIGIN","pending_upload_to_kvbk_project"
"/manus-storage/kvbk-destination-dai-loan_68453211.png","1","app/content.ts","NEXT_PUBLIC_STATIC_ASSET_ORIGIN","pending_upload_to_kvbk_project"
"/manus-storage/kvbk-destination-duc_ab25bd95.png","1","app/content.ts","NEXT_PUBLIC_STATIC_ASSET_ORIGIN","pending_upload_to_kvbk_project"
"/manus-storage/kvbk-destination-ha-lan_3871ac1e.png","1","app/content.ts","NEXT_PUBLIC_STATIC_ASSET_ORIGIN","pending_upload_to_kvbk_project"
"/manus-storage/kvbk-destination-han-quoc_24d3e612.png","1","app/content.ts","NEXT_PUBLIC_STATIC_ASSET_ORIGIN","pending_upload_to_kvbk_project"
"/manus-storage/kvbk-destination-hong-kong_5f13f077.png","1","app/content.ts","NEXT_PUBLIC_STATIC_ASSET_ORIGIN","pending_upload_to_kvbk_project"
"/manus-storage/kvbk-destination-hungary_ec945a08.png","1","app/content.ts","NEXT_PUBLIC_STATIC_ASSET_ORIGIN","pending_upload_to_kvbk_project"
"/manus-storage/kvbk-destination-indonesia_60c6df76.png","1","app/content.ts","NEXT_PUBLIC_STATIC_ASSET_ORIGIN","pending_upload_to_kvbk_project"
"/manus-storage/kvbk-destination-italy_62139f2d.png","1","app/content.ts","NEXT_PUBLIC_STATIC_ASSET_ORIGIN","pending_upload_to_kvbk_project"
"/manus-storage/kvbk-destination-kenya_16cf7c1e.png","1","app/content.ts","NEXT_PUBLIC_STATIC_ASSET_ORIGIN","pending_upload_to_kvbk_project"
"/manus-storage/kvbk-destination-malaysia_9cfddaef.png","1","app/content.ts","NEXT_PUBLIC_STATIC_ASSET_ORIGIN","pending_upload_to_kvbk_project"
"/manus-storage/kvbk-destination-my_d82d04cd.png","1","app/content.ts","NEXT_PUBLIC_STATIC_ASSET_ORIGIN","pending_upload_to_kvbk_project"
"/manus-storage/kvbk-destination-nam-phi_fd2a42ed.png","1","app/content.ts","NEXT_PUBLIC_STATIC_ASSET_ORIGIN","pending_upload_to_kvbk_project"
"/manus-storage/kvbk-destination-new-zealand_d9e307f4.png","1","app/content.ts","NEXT_PUBLIC_STATIC_ASSET_ORIGIN","pending_upload_to_kvbk_project"
"/manus-storage/kvbk-destination-nga_ccd679f7.png","1","app/content.ts","NEXT_PUBLIC_STATIC_ASSET_ORIGIN","pending_upload_to_kvbk_project"
"/manus-storage/kvbk-destination-nhat-ban_bb2da9a2.png","1","app/content.ts","NEXT_PUBLIC_STATIC_ASSET_ORIGIN","pending_upload_to_kvbk_project"
"/manus-storage/kvbk-destination-phap_1a7b9985.png","1","app/content.ts","NEXT_PUBLIC_STATIC_ASSET_ORIGIN","pending_upload_to_kvbk_project"
"/manus-storage/kvbk-destination-philippines_a96f31ee.png","1","app/content.ts","NEXT_PUBLIC_STATIC_ASSET_ORIGIN","pending_upload_to_kvbk_project"
"/manus-storage/kvbk-destination-qatar_094262bd.png","1","app/content.ts","NEXT_PUBLIC_STATIC_ASSET_ORIGIN","pending_upload_to_kvbk_project"
"/manus-storage/kvbk-destination-singapore_c3a1e92f.png","1","app/content.ts","NEXT_PUBLIC_STATIC_ASSET_ORIGIN","pending_upload_to_kvbk_project"
"/manus-storage/kvbk-destination-tay-ban-nha_c1e7bd43.png","1","app/content.ts","NEXT_PUBLIC_STATIC_ASSET_ORIGIN","pending_upload_to_kvbk_project"
"/manus-storage/kvbk-destination-thai-lan_802fabc0.png","1","app/content.ts","NEXT_PUBLIC_STATIC_ASSET_ORIGIN","pending_upload_to_kvbk_project"
"/manus-storage/kvbk-destination-tho-nhi-ky_bda33efe.png","1","app/content.ts","NEXT_PUBLIC_STATIC_ASSET_ORIGIN","pending_upload_to_kvbk_project"
"/manus-storage/kvbk-destination-thuy-si_bd3a25c5.png","1","app/content.ts","NEXT_PUBLIC_STATIC_ASSET_ORIGIN","pending_upload_to_kvbk_project"
"/manus-storage/kvbk-destination-trung-quoc_14c8adbe.png","1","app/content.ts","NEXT_PUBLIC_STATIC_ASSET_ORIGIN","pending_upload_to_kvbk_project"
"/manus-storage/kvbk-destination-uae_b0e2178c.png","1","app/content.ts","NEXT_PUBLIC_STATIC_ASSET_ORIGIN","pending_upload_to_kvbk_project"
"/manus-storage/kvbk-destination-uc_51ca8763.png","1","app/content.ts","NEXT_PUBLIC_STATIC_ASSET_ORIGIN","pending_upload_to_kvbk_project"
"/manus-storage/kvbk-eva-cabin-business_d0b01054.png","1","app/EvaCabinExplorer.tsx","NEXT_PUBLIC_STATIC_ASSET_ORIGIN","pending_upload_to_kvbk_project"
"/manus-storage/kvbk-service-checkin-choncho_804fceb3.png","1","app/content.ts","NEXT_PUBLIC_STATIC_ASSET_ORIGIN","pending_upload_to_kvbk_project"
"/manus-storage/kvbk-service-dat-ve_7516ebec.png","1","app/content.ts","NEXT_PUBLIC_STATIC_ASSET_ORIGIN","pending_upload_to_kvbk_project"
"/manus-storage/kvbk-service-doi-ngay_b50334f3.png","1","app/content.ts","NEXT_PUBLIC_STATIC_ASSET_ORIGIN","pending_upload_to_kvbk_project"
"/manus-storage/kvbk-service-hanh-ly_0e0c68df.png","1","app/content.ts","NEXT_PUBLIC_STATIC_ASSET_ORIGIN","pending_upload_to_kvbk_project"
"/manus-storage/kvbk-service-ho-tro-tieng-anh_b2335f45.png","1","app/content.ts","NEXT_PUBLIC_STATIC_ASSET_ORIGIN","pending_upload_to_kvbk_project"
"/manus-storage/kvbk-service-nang-hang_a1e944e9.png","1","app/content.ts","NEXT_PUBLIC_STATIC_ASSET_ORIGIN","pending_upload_to_kvbk_project"
"/manus-storage/kvbk-service-sua-ten_3e8c5d21.png","1","app/content.ts","NEXT_PUBLIC_STATIC_ASSET_ORIGIN","pending_upload_to_kvbk_project"
"/manus-storage/kvbk-service-thu-cung_a4aa2f73.png","1","app/content.ts","NEXT_PUBLIC_STATIC_ASSET_ORIGIN","pending_upload_to_kvbk_project"
"/manus-storage/kvbk-service-tongdai_989df5ab.png","1","app/content.ts","NEXT_PUBLIC_STATIC_ASSET_ORIGIN","pending_upload_to_kvbk_project"
"/manus-storage/kvbk-service-tre-em-nguoi-gia_1aeb53ca.png","1","app/content.ts","NEXT_PUBLIC_STATIC_ASSET_ORIGIN","pending_upload_to_kvbk_project"
"/manus-storage/kvbk-service-van-phong_43bb2870.png","1","app/content.ts","NEXT_PUBLIC_STATIC_ASSET_ORIGIN","pending_upload_to_kvbk_project"
"/manus-storage/kvbk-service-ve-ve-viet-nam_441eac3c.png","1","app/content.ts","NEXT_PUBLIC_STATIC_ASSET_ORIGIN","pending_upload_to_kvbk_project"
"/manus-storage/kvbk-service-visa-nhapcanh_c985ed34.png","1","app/content.ts","NEXT_PUBLIC_STATIC_ASSET_ORIGIN","pending_upload_to_kvbk_project"
"/manus-storage/kvbk-service-xac-nhan-ve_99865001.png","1","app/content.ts","NEXT_PUBLIC_STATIC_ASSET_ORIGIN","pending_upload_to_kvbk_project"
"/manus-storage/kvbk-service-xe-lan_0f9e2255.png","1","app/content.ts","NEXT_PUBLIC_STATIC_ASSET_ORIGIN","pending_upload_to_kvbk_project"
"/manus-storage/lion-air-logo_ae252290_b3f6cb53.png","1","app/AirlineDirectory.tsx","NEXT_PUBLIC_STATIC_ASSET_ORIGIN","pending_upload_to_kvbk_project"
"/manus-storage/lufthansa-logo_6dc86b7f_f03e1add.png","1","app/AirlineDirectory.tsx","NEXT_PUBLIC_STATIC_ASSET_ORIGIN","pending_upload_to_kvbk_project"
"/manus-storage/malaysia-airlines-logo_f113ba49_367b33b7.png","1","app/AirlineDirectory.tsx","NEXT_PUBLIC_STATIC_ASSET_ORIGIN","pending_upload_to_kvbk_project"
"/manus-storage/peach-aviation-logo_019ca520_3acbfc61.png","1","app/AirlineDirectory.tsx","NEXT_PUBLIC_STATIC_ASSET_ORIGIN","pending_upload_to_kvbk_project"
"/manus-storage/philippine-airlines-hd_7666d8e4_1c84f18c.png","1","app/AirlineDirectory.tsx","NEXT_PUBLIC_STATIC_ASSET_ORIGIN","pending_upload_to_kvbk_project"
"/manus-storage/qantas-logo_1eb8e948_c7b27f52.png","1","app/AirlineDirectory.tsx","NEXT_PUBLIC_STATIC_ASSET_ORIGIN","pending_upload_to_kvbk_project"
"/manus-storage/qatar-airways-logo_de2f0e30_e885080d.png","1","app/AirlineDirectory.tsx","NEXT_PUBLIC_STATIC_ASSET_ORIGIN","pending_upload_to_kvbk_project"
"/manus-storage/scoot-logo_f10588a6_ecee8c7a.png","1","app/AirlineDirectory.tsx","NEXT_PUBLIC_STATIC_ASSET_ORIGIN","pending_upload_to_kvbk_project"
"/manus-storage/sichuan-airlines-logo_58f2b287_65136508.png","1","app/AirlineDirectory.tsx","NEXT_PUBLIC_STATIC_ASSET_ORIGIN","pending_upload_to_kvbk_project"
"/manus-storage/singapore-airlines-logo_8c29d523_686668e5.png","1","app/AirlineDirectory.tsx","NEXT_PUBLIC_STATIC_ASSET_ORIGIN","pending_upload_to_kvbk_project"
"/manus-storage/starlux-airlines-logo_2cb0ee6f_dc038286.png","1","app/AirlineDirectory.tsx","NEXT_PUBLIC_STATIC_ASSET_ORIGIN","pending_upload_to_kvbk_project"
"/manus-storage/thai-airways-logo_610a0ffd_54161fcf.png","1","app/AirlineDirectory.tsx","NEXT_PUBLIC_STATIC_ASSET_ORIGIN","pending_upload_to_kvbk_project"
"/manus-storage/turkish-airlines-logo_01d6ef16_eb574bae.png","1","app/AirlineDirectory.tsx","NEXT_PUBLIC_STATIC_ASSET_ORIGIN","pending_upload_to_kvbk_project"
"/manus-storage/united-airlines-hd_5230a71c_719ccf2f.png","1","app/AirlineDirectory.tsx","NEXT_PUBLIC_STATIC_ASSET_ORIGIN","pending_upload_to_kvbk_project"
"/manus-storage/vietjet-air-logo_79f04509_367a2563.png","1","app/AirlineDirectory.tsx","NEXT_PUBLIC_STATIC_ASSET_ORIGIN","pending_upload_to_kvbk_project"
"/manus-storage/vietnam-airlines-logo_1ebaae4f_84118eb0.png","1","app/AirlineDirectory.tsx","NEXT_PUBLIC_STATIC_ASSET_ORIGIN","pending_upload_to_kvbk_project"
"/manus-storage/vietravel-airlines-logo_ec26e8e6_a3dc39ea.png","1","app/AirlineDirectory.tsx","NEXT_PUBLIC_STATIC_ASSET_ORIGIN","pending_upload_to_kvbk_project"
"/manus-storage/xiamen-airlines-logo_c03370aa_23ace693.png","1","app/AirlineDirectory.tsx","NEXT_PUBLIC_STATIC_ASSET_ORIGIN","pending_upload_to_kvbk_project"
