source_url,top_queries,clicks,impressions,current_target,recommendation_type,recommended_target_or_slug,rationale
https://khangvuongbooking.com/giam-15-moi-thu-3-bay-quoc-te-cung-vietnam-airlines/,thu3quada | site:khangvuongbooking.com,0,165,/hang-bay,remap_existing,/giam-15-moi-thu-3-bay-quoc-te-cung-vietnam-airlines,URL và truy vấn thể hiện intent hãng/dịch vụ/điểm đến cụ thể; nên giữ đúng landing nguồn thay vì hub tổng quát.
https://khangvuongbooking.com/dat-mua-ve-may-bay-eva-air-di-my/,ve may bay eva air di my | vé máy bay eva đi mỹ | eva airline vé máy bay đi mỹ california rẻ | vé máy bay đi mỹ california eva | ve may bay di my cua hang eva,0,403,/ve-may-bay,remap_existing,/dat-mua-ve-may-bay-eva-air-di-my,URL và truy vấn thể hiện intent hãng/dịch vụ/điểm đến cụ thể; nên giữ đúng landing nguồn thay vì hub tổng quát.
https://khangvuongbooking.com/dat-mua-ve-may-bay-da-nang-di-san-jose-my/,vé máy bay đi san jose,0,150,,create_specific_landing,/dat-mua-ve-may-bay-da-nang-di-san-jose-my,Có intent route/hãng/dịch vụ cụ thể và/hoặc dữ liệu hiển thị đáng kể; tạo landing tương ứng để giữ nguyên ý định tìm kiếm.
https://khangvuongbooking.com/dat-mua-ve-may-bay-da-nang-di-my-pho-thong/,vé máy bay đà nẵng đi mỹ | vé máy bay đi mỹ california,0,221,,create_specific_landing,/dat-mua-ve-may-bay-da-nang-di-my-pho-thong,Có intent route/hãng/dịch vụ cụ thể và/hoặc dữ liệu hiển thị đáng kể; tạo landing tương ứng để giữ nguyên ý định tìm kiếm.
https://khangvuongbooking.com/tron-goi-khu-hoi-hang-thuong-gia-vietnam-airlines-di-thuong-hai-chi-tu-682-usd/,vé máy bay hạng thương gia | vé máy bay thương gia | giá vé máy bay hạng thương gia | giá vé máy bay hạng thương gia vietnam airline | vé hạng thương gia,0,396,/hang-bay,remap_existing,/tron-goi-khu-hoi-hang-thuong-gia-vietnam-airlines-di-thuong-hai-chi-tu-682-usd,URL và truy vấn thể hiện intent hãng/dịch vụ/điểm đến cụ thể; nên giữ đúng landing nguồn thay vì hub tổng quát.
https://khangvuongbooking.com/dat-ve-may-bay-ha-noi-di-chicago-my-thang-8/,vé máy bay từ hà nội đi chicago | vé máy bay đi chicago | vé máy bay từ chicago về việt nam | vé máy bay đi mỹ tháng 8 | 8h chicago,0,230,,create_specific_landing,/dat-ve-may-bay-ha-noi-di-chicago-my-thang-8,Có intent route/hãng/dịch vụ cụ thể và/hoặc dữ liệu hiển thị đáng kể; tạo landing tương ứng để giữ nguyên ý định tìm kiếm.
https://khangvuongbooking.com/dat-ve-may-bay-ha-noi-di-denver-my-thang-7/,vé máy bay đi denver | sân bay denver | vé máy bay từ hà nội đi denver | my denver,0,389,,create_specific_landing,/dat-ve-may-bay-ha-noi-di-denver-my-thang-7,Có intent route/hãng/dịch vụ cụ thể và/hoặc dữ liệu hiển thị đáng kể; tạo landing tương ứng để giữ nguyên ý định tìm kiếm.
https://khangvuongbooking.com/gia-ve-may-bay-sai-gon-tp-hcm-di-seattle-sea-my-thang-11-12/,vé máy bay đi seattle | ve may bay di seattle my | ve may bay di seattle | ho chi minh to seattle,0,277,,create_specific_landing,/gia-ve-may-bay-sai-gon-tp-hcm-di-seattle-sea-my-thang-11-12,Có intent route/hãng/dịch vụ cụ thể và/hoặc dữ liệu hiển thị đáng kể; tạo landing tương ứng để giữ nguyên ý định tìm kiếm.
https://khangvuongbooking.com/ve-may-bay-ha-noi-di-edmonton-canada/,vé máy bay đi edmonton | vé máy bay đi edmonton canada | sân bay edmonton | vé máy bay từ hà nội đi calgary | nhiệt độ edmonton,0,384,,create_specific_landing,/ve-may-bay-ha-noi-di-edmonton-canada,Có intent route/hãng/dịch vụ cụ thể và/hoặc dữ liệu hiển thị đáng kể; tạo landing tương ứng để giữ nguyên ý định tìm kiếm.
https://khangvuongbooking.com/dat-mua-ve-may-bay-vietnam-airlines-di-seattle/,vé máy bay đi seattle | seattle cách việt nam bao nhiêu tiếng | ve may bay di seattle | vietnam airlines seattle,0,361,/ve-may-bay,remap_existing,/dat-mua-ve-may-bay-vietnam-airlines-di-seattle,URL và truy vấn thể hiện intent hãng/dịch vụ/điểm đến cụ thể; nên giữ đúng landing nguồn thay vì hub tổng quát.
https://khangvuongbooking.com/dat-mua-ve-may-bay-ha-noi-di-san-jose-my/,vé máy bay đi san jose | sân bay san jose,0,227,,create_specific_landing,/dat-mua-ve-may-bay-ha-noi-di-san-jose-my,Có intent route/hãng/dịch vụ cụ thể và/hoặc dữ liệu hiển thị đáng kể; tạo landing tương ứng để giữ nguyên ý định tìm kiếm.
https://khangvuongbooking.com/dat-ve-may-bay-ha-noi-di-dallas-texas-my-thang-7/,vé máy bay đi dallas | vé máy bay đi mỹ texas | vé máy bay đi texas | vé máy bay đi dallas-fort worth | vé máy bay từ hà nội đi dallas,0,374,,create_specific_landing,/dat-ve-may-bay-ha-noi-di-dallas-texas-my-thang-7,Có intent route/hãng/dịch vụ cụ thể và/hoặc dữ liệu hiển thị đáng kể; tạo landing tương ứng để giữ nguyên ý định tìm kiếm.
https://khangvuongbooking.com/ve-may-bay-da-nang-di-tham-quyen/,vé máy bay đà nẵng trung quốc | vé máy bay đi thâm quyến | trung tâm dịch vụ visa trung quốc tại đà nẵng,0,306,/ve-may-bay,remap_existing,/ve-may-bay-da-nang-di-tham-quyen,URL và truy vấn thể hiện intent hãng/dịch vụ/điểm đến cụ thể; nên giữ đúng landing nguồn thay vì hub tổng quát.
https://khangvuongbooking.com/ve-may-bay-vietjet-air/,site:khangvuongbooking.com | hotline vietjet | đại lý vé máy bay vietjet tại vĩnh long | booking vietjet air | vietjet hotline,0,185,/ve-may-bay,remap_existing,/ve-may-bay-vietjet-air,URL và truy vấn thể hiện intent hãng/dịch vụ/điểm đến cụ thể; nên giữ đúng landing nguồn thay vì hub tổng quát.
https://khangvuongbooking.com/ve-may-bay-da-nang-di-tay-an/,vé máy bay đi tây an,0,144,/ve-may-bay,remap_existing,/ve-may-bay-da-nang-di-tay-an,URL và truy vấn thể hiện intent hãng/dịch vụ/điểm đến cụ thể; nên giữ đúng landing nguồn thay vì hub tổng quát.
https://khangvuongbooking.com/tre-em-di-may-bay-vietnam-airlines-va-nhung-dieu-can-biet/,vé máy bay vietnam airline trẻ em | trẻ em dưới 2 tuổi đi máy bay vietnam airline | thủ tục cho trẻ em đi máy bay vietnam airline | trẻ em dưới 12 tuổi đi máy bay vietnam airline | giá vé máy bay trẻ em của vietnam airline,0,155,/hang-bay,remap_existing,/tre-em-di-may-bay-vietnam-airlines-va-nhung-dieu-can-biet,URL và truy vấn thể hiện intent hãng/dịch vụ/điểm đến cụ thể; nên giữ đúng landing nguồn thay vì hub tổng quát.
https://khangvuongbooking.com/tag/cebu-pacific/,site:khangvuongbooking.com | cebupaccific,0,63,/cam-nang-bay,retire_low_value,/cam-nang-bay,"URL tag/utility hoặc truy vấn site-brand; giữ làm hub hiện có nếu còn giá trị, nếu không nên loại khỏi migration."
https://khangvuongbooking.com/huong-dan-san-ve-ha-noi-han-di-an-do-thang-4-5-6/,từ việt nam sang ấn độ bao nhiêu tiếng,0,110,,create_specific_landing,/huong-dan-san-ve-ha-noi-han-di-an-do-thang-4-5-6,Có intent route/hãng/dịch vụ cụ thể và/hoặc dữ liệu hiển thị đáng kể; tạo landing tương ứng để giữ nguyên ý định tìm kiếm.
https://khangvuongbooking.com/ve-may-bay-ha-noi-di-cao-hung-dai-loan-gia-re/,vé máy bay đi cao hùng | vé máy bay hà nội cao hùng | vé máy bay từ hà nội đi cao hùng | giá vé máy bay cao hùng hà nội | chuyến bay cao hùng hà nội,0,364,,create_specific_landing,/ve-may-bay-ha-noi-di-cao-hung-dai-loan-gia-re,Có intent route/hãng/dịch vụ cụ thể và/hoặc dữ liệu hiển thị đáng kể; tạo landing tương ứng để giữ nguyên ý định tìm kiếm.
https://khangvuongbooking.com/ve-may-bay-ha-noi-di-gwangju-han-quoc-gia-re/,sân bay gwangju | vé máy bay đi kwangju,0,121,/ve-may-bay,remap_existing,/ve-may-bay-ha-noi-di-gwangju-han-quoc-gia-re,URL và truy vấn thể hiện intent hãng/dịch vụ/điểm đến cụ thể; nên giữ đúng landing nguồn thay vì hub tổng quát.
https://khangvuongbooking.com/dat-ve-may-bay-ha-noi-di-los-angeles-my-thang-7/,vé máy bay từ hà nội đi los angeles | ve di my thang 7 | vé máy bay hà nội los angeles | site:khangvuongbooking.com | ve may bay di mỹ thang 7,0,289,,create_specific_landing,/dat-ve-may-bay-ha-noi-di-los-angeles-my-thang-7,Có intent route/hãng/dịch vụ cụ thể và/hoặc dữ liệu hiển thị đáng kể; tạo landing tương ứng để giữ nguyên ý định tìm kiếm.
https://khangvuongbooking.com/dat-mua-ve-may-bay-da-nang-di-my-thang-9/,vé máy bay đà nẵng đi mỹ | vé máy bay từ mỹ về đà nẵng | vé máy bay đà nẵng hà nội tháng 9,0,225,/ve-may-bay,remap_existing,/dat-mua-ve-may-bay-da-nang-di-my-thang-9,URL và truy vấn thể hiện intent hãng/dịch vụ/điểm đến cụ thể; nên giữ đúng landing nguồn thay vì hub tổng quát.
https://khangvuongbooking.com/dat-ve-may-bay-sai-gon-tp-hcm-di-phoenix-arizona-my-thang-7/,"vé máy bay đi phoenix | bảo hiểm y tế ở arizona | vé máy bay từ tp. hồ chí minh đi phoenix | chuyến bay tới phoenix, arizona",0,287,,create_specific_landing,/dat-ve-may-bay-sai-gon-tp-hcm-di-phoenix-arizona-my-thang-7,Có intent route/hãng/dịch vụ cụ thể và/hoặc dữ liệu hiển thị đáng kể; tạo landing tương ứng để giữ nguyên ý định tìm kiếm.
https://khangvuongbooking.com/chuyen-bay-sai-gon-tp-hcm-di-san-francisco-my-thang-9/,ve may bay san francisco ve viet nam | site:khangvuongbooking.com | vé máy bay san francisco sài gòn,0,155,,create_specific_landing,/chuyen-bay-sai-gon-tp-hcm-di-san-francisco-my-thang-9,Có intent route/hãng/dịch vụ cụ thể và/hoặc dữ liệu hiển thị đáng kể; tạo landing tương ứng để giữ nguyên ý định tìm kiếm.
https://khangvuongbooking.com/dat-ve-may-bay-sai-gon-tp-hcm-di-miami-florida-my-thang-7/,vé máy bay đi miami | vé máy bay đi havana | vé máy bay từ mỹ đi cuba | vé máy bay đi florida mỹ | florida mỹ,0,222,/ve-may-bay,remap_existing,/dat-ve-may-bay-sai-gon-tp-hcm-di-miami-florida-my-thang-7,URL và truy vấn thể hiện intent hãng/dịch vụ/điểm đến cụ thể; nên giữ đúng landing nguồn thay vì hub tổng quát.
https://khangvuongbooking.com/ve-may-bay-da-nang-di-trung-khanh/,site:khangvuongbooking.com | vé máy bay đà nẵng trung quốc,0,170,/ve-may-bay,remap_existing,/ve-may-bay-da-nang-di-trung-khanh,URL và truy vấn thể hiện intent hãng/dịch vụ/điểm đến cụ thể; nên giữ đúng landing nguồn thay vì hub tổng quát.
https://khangvuongbooking.com/dat-ve-may-bay-ha-noi-di-ohio-my-thang-8/,site:khangvuongbooking.com | vé máy bay từ hà nội đi cleveland | từ sân bay hà nội | vé máy bay đi cleveland,0,139,,create_specific_landing,/dat-ve-may-bay-ha-noi-di-ohio-my-thang-8,Có intent route/hãng/dịch vụ cụ thể và/hoặc dữ liệu hiển thị đáng kể; tạo landing tương ứng để giữ nguyên ý định tìm kiếm.
https://khangvuongbooking.com/dat-mua-ve-may-bay-da-nang-di-my-thang-7/,ve di my thang 7,0,166,,create_specific_landing,/dat-mua-ve-may-bay-da-nang-di-my-thang-7,Có intent route/hãng/dịch vụ cụ thể và/hoặc dữ liệu hiển thị đáng kể; tạo landing tương ứng để giữ nguyên ý định tìm kiếm.
https://khangvuongbooking.com/ban-ve-sai-gon-tp-hcm-di-chicago-my-thang-10/,vé máy bay từ tp hồ chí minh đi chicago | vé máy bay từ chicago về việt nam | vé máy bay đi chicago,0,158,,create_specific_landing,/ban-ve-sai-gon-tp-hcm-di-chicago-my-thang-10,Có intent route/hãng/dịch vụ cụ thể và/hoặc dữ liệu hiển thị đáng kể; tạo landing tương ứng để giữ nguyên ý định tìm kiếm.
https://khangvuongbooking.com/dat-ve-may-bay-ha-noi-di-houston-my-thang-7/,vé máy bay đi houston | vé máy bay đi texas | vé may bay từ hà nội đi houston | vé máy bay đi mỹ texas | vé máy bay houston sài gòn khứ hồi vietnam airlines,0,351,,create_specific_landing,/dat-ve-may-bay-ha-noi-di-houston-my-thang-7,Có intent route/hãng/dịch vụ cụ thể và/hoặc dữ liệu hiển thị đáng kể; tạo landing tương ứng để giữ nguyên ý định tìm kiếm.
https://khangvuongbooking.com/dat-mua-ve-may-bay-da-nang-di-my-thang-10/,vé máy bay từ mỹ về đà nẵng,0,222,,create_specific_landing,/dat-mua-ve-may-bay-da-nang-di-my-thang-10,Có intent route/hãng/dịch vụ cụ thể và/hoặc dữ liệu hiển thị đáng kể; tạo landing tương ứng để giữ nguyên ý định tìm kiếm.
https://khangvuongbooking.com/tai-sao-ban-phai-that-day-an-toan-khi-co-den-bao-tren-may-bay/,,0,73,/cam-nang-bay,keep_existing,/cam-nang-bay,Intent tổng quát phù hợp với đích hiện có và chưa có tín hiệu route/dịch vụ cụ thể hơn.
https://khangvuongbooking.com/dat-mua-ve-may-bay-da-nang-di-my-thang-12/,ve may bay di mỹ thang 12 | vé máy bay đà nẵng hà nội tháng 12,0,148,,create_specific_landing,/dat-mua-ve-may-bay-da-nang-di-my-thang-12,Có intent route/hãng/dịch vụ cụ thể và/hoặc dữ liệu hiển thị đáng kể; tạo landing tương ứng để giữ nguyên ý định tìm kiếm.
https://khangvuongbooking.com/tag/http-khangvuongbooking-com/,site:khangvuongbooking.com | khang vuong booking,0,73,/cam-nang-bay,retire_low_value,/cam-nang-bay,"URL tag/utility hoặc truy vấn site-brand; giữ làm hub hiện có nếu còn giá trị, nếu không nên loại khỏi migration."
https://khangvuongbooking.com/ve-may-bay-cebu-pacific/,vé máy bay đi cebu | phong ve cebu pacific | phòng vé cebu pacific | vé máy bay đi philippines cebu pacific | dai ly cebu pacific,0,344,/ve-may-bay,remap_existing,/ve-may-bay-cebu-pacific,URL và truy vấn thể hiện intent hãng/dịch vụ/điểm đến cụ thể; nên giữ đúng landing nguồn thay vì hub tổng quát.
https://khangvuongbooking.com/dat-mua-ve-may-bay-nippon-airways-di-san-jose/,"vé máy bay đi san jose | vé máy bay đi costa rica | ""chất lượng bay ổn định""",0,341,/ve-may-bay,remap_existing,/dat-mua-ve-may-bay-nippon-airways-di-san-jose,URL và truy vấn thể hiện intent hãng/dịch vụ/điểm đến cụ thể; nên giữ đúng landing nguồn thay vì hub tổng quát.
https://khangvuongbooking.com/doi-ve-may-bay-eva-air/),phí đổi vé eva air,0,1,,create_specific_landing,/doi-ve-may-bay-eva-air/),Có intent route/hãng/dịch vụ cụ thể và/hoặc dữ liệu hiển thị đáng kể; tạo landing tương ứng để giữ nguyên ý định tìm kiếm.
https://khangvuongbooking.com/tong-dai-so-dien-thoai-starlux-airlines/,,0,1,,create_specific_landing,/tong-dai-so-dien-thoai-starlux-airlines,Có intent route/hãng/dịch vụ cụ thể và/hoặc dữ liệu hiển thị đáng kể; tạo landing tương ứng để giữ nguyên ý định tìm kiếm.
https://khangvuongbooking.com/goi-y-nhung-dia-diem-mua-sam-ly-tuong-khi-di-du-lich-duc/,,0,78,/cam-nang-bay,remap_existing,/goi-y-nhung-dia-diem-mua-sam-ly-tuong-khi-di-du-lich-duc,URL và truy vấn thể hiện intent hãng/dịch vụ/điểm đến cụ thể; nên giữ đúng landing nguồn thay vì hub tổng quát.
https://khangvuongbooking.com/dat-mua-ve-may-bay-da-nang-di-los-angeles-my/,vé máy bay từ mỹ về đà nẵng | vé máy bay đà nẵng đi mỹ | ve may bay di los angeles | da nang to los angeles,0,295,/ve-may-bay,remap_existing,/dat-mua-ve-may-bay-da-nang-di-los-angeles-my,URL và truy vấn thể hiện intent hãng/dịch vụ/điểm đến cụ thể; nên giữ đúng landing nguồn thay vì hub tổng quát.
https://khangvuongbooking.com/gia-ve-may-bay-ha-noi-di-denver-den-my-thang-11-12/,vé máy bay đi denver | vé máy bay từ hà nội đi denver | ve may bay di my thang 11,0,249,,create_specific_landing,/gia-ve-may-bay-ha-noi-di-denver-den-my-thang-11-12,Có intent route/hãng/dịch vụ cụ thể và/hoặc dữ liệu hiển thị đáng kể; tạo landing tương ứng để giữ nguyên ý định tìm kiếm.
https://khangvuongbooking.com/ve-may-bay-ho-chi-minh-di-dai-loan-gia-re/,vé máy bay sài gòn đài loan | vé máy bay đi từ sài gòn đến taipei | vé máy bay đi đài loan giá rẻ | vé máy bay hcm đi đài loan | vé máy bay hồ chí minh đi đài loan,0,333,,create_specific_landing,/ve-may-bay-ho-chi-minh-di-dai-loan-gia-re,Có intent route/hãng/dịch vụ cụ thể và/hoặc dữ liệu hiển thị đáng kể; tạo landing tương ứng để giữ nguyên ý định tìm kiếm.
https://khangvuongbooking.com/v,site:khangvuongbooking.com | vé máy bay airasia,0,18,,retire_low_value,/cam-nang-bay,"URL tag/utility hoặc truy vấn site-brand; giữ làm hub hiện có nếu còn giá trị, nếu không nên loại khỏi migration."
https://khangvuongbooking.com/dat-mua-ve-new-york-my-ve-ho-chi-minh-ha-noi-gia-re/,vé máy bay từ hà nội đi new york,0,103,,create_specific_landing,/dat-mua-ve-new-york-my-ve-ho-chi-minh-ha-noi-gia-re,Có intent route/hãng/dịch vụ cụ thể và/hoặc dữ liệu hiển thị đáng kể; tạo landing tương ứng để giữ nguyên ý định tìm kiếm.
https://khangvuongbooking.com/chuyen-bay-ha-noi-di-boston-my-thang-9/,vé máy bay đi boston | vé máy bay từ hà nội đi boston | vé máy bay hà nội đi mỹ,0,123,,create_specific_landing,/chuyen-bay-ha-noi-di-boston-my-thang-9,Có intent route/hãng/dịch vụ cụ thể và/hoặc dữ liệu hiển thị đáng kể; tạo landing tương ứng để giữ nguyên ý định tìm kiếm.
https://khangvuongbooking.com/huong-dan-mua-them-hanh-ly-cac-hang-hang-kong/,,0,1,,create_specific_landing,/huong-dan-mua-them-hanh-ly-cac-hang-hang-kong,Có intent route/hãng/dịch vụ cụ thể và/hoặc dữ liệu hiển thị đáng kể; tạo landing tương ứng để giữ nguyên ý định tìm kiếm.
https://khangvuongbooking.com/mua-them-hanh-ly-china-eastern-airlines.html,mua hanh ly china eastern,0,1,,create_specific_landing,/mua-them-hanh-ly-china-eastern-airlines,Có intent route/hãng/dịch vụ cụ thể và/hoặc dữ liệu hiển thị đáng kể; tạo landing tương ứng để giữ nguyên ý định tìm kiếm.
https://khangvuongbooking.com/mua-them-hanh-ly-hongkong-airlines/),,0,1,,create_specific_landing,/mua-them-hanh-ly-hongkong-airlines/),Có intent route/hãng/dịch vụ cụ thể và/hoặc dữ liệu hiển thị đáng kể; tạo landing tương ứng để giữ nguyên ý định tìm kiếm.
https://khangvuongbooking.com/mua-them-hanh-ly-ky-gui-air-china/,,0,1,,create_specific_landing,/mua-them-hanh-ly-ky-gui-air-china,Có intent route/hãng/dịch vụ cụ thể và/hoặc dữ liệu hiển thị đáng kể; tạo landing tương ứng để giữ nguyên ý định tìm kiếm.
https://khangvuongbooking.com/ve-may-bay-da-nang-di-jeju-han-quoc-gia-re/,vé máy bay đà nẵng jeju | vé máy bay đi đảo jeju hàn quốc | tour du lịch đảo jeju từ đà nẵng | giá vé đi đảo jeju hàn quốc,0,167,,create_specific_landing,/ve-may-bay-da-nang-di-jeju-han-quoc-gia-re,Có intent route/hãng/dịch vụ cụ thể và/hoặc dữ liệu hiển thị đáng kể; tạo landing tương ứng để giữ nguyên ý định tìm kiếm.
https://khangvuongbooking.com/ki-niem-20-nam-qatar-chieu-dai-dai-tiec-ve-khu-hoi-chi-tu-40-900-000-vnd-hap-dan/,,0,61,/cam-nang-bay,keep_existing,/cam-nang-bay,Intent tổng quát phù hợp với đích hiện có và chưa có tín hiệu route/dịch vụ cụ thể hơn.
https://khangvuongbooking.com/tag/qatar-airwqays-km-ve-khu-hoi-tu-3200000-vnd/,"3200000 | 3,200,000 | 3200000 vnd | 3200000vnd | ¥3,200,000",0,68,/cam-nang-bay,retire_low_value,/cam-nang-bay,"URL tag/utility hoặc truy vấn site-brand; giữ làm hub hiện có nếu còn giá trị, nếu không nên loại khỏi migration."
https://khangvuongbooking.com/ve-may-bay-quoc-te/ve-may-bay-di-duc-gia-re/,vé máy bay đi đức | vé máy bay hà nội đi đức | ve may bay di duc | vé máy bay đi đức giá bao nhiêu | vé máy bay đi đức khứ hồi,0,325,/ve-may-bay,remap_existing,/ve-may-bay-quoc-te/ve-may-bay-di-duc-gia-re,URL và truy vấn thể hiện intent hãng/dịch vụ/điểm đến cụ thể; nên giữ đúng landing nguồn thay vì hub tổng quát.
https://khangvuongbooking.com/dich-vu-dat-ve-may-bay-cho-thu-cung-cho-meo-di-san-francisco-my/,"""vé sớm""",0,35,,create_specific_landing,/dich-vu-dat-ve-may-bay-cho-thu-cung-cho-meo-di-san-francisco-my,Có intent route/hãng/dịch vụ cụ thể và/hoặc dữ liệu hiển thị đáng kể; tạo landing tương ứng để giữ nguyên ý định tìm kiếm.
https://khangvuongbooking.com/ve-may-bay-di-my-gia-re/,ve may di my gia re | mua vé máy bay giá rẻ đi mỹ | mua vé máy bay đi mỹ giá rẻ | vé đi mỹ giá rẻ | máy bay đi mỹ giá rẻ,0,324,/ve-may-bay,remap_existing,/ve-may-bay-di-my-gia-re,URL và truy vấn thể hiện intent hãng/dịch vụ/điểm đến cụ thể; nên giữ đúng landing nguồn thay vì hub tổng quát.
https://khangvuongbooking.com/dat-mua-ve-may-bay-eva-air-di-chicago/,vé máy bay đi chicago | vé máy bay từ hà nội đi chicago | mua vé máy bay đi mỹ hãng eva | ve may bay eva air | vé máy bay từ chicago về việt nam,0,323,/ve-may-bay,remap_existing,/dat-mua-ve-may-bay-eva-air-di-chicago,URL và truy vấn thể hiện intent hãng/dịch vụ/điểm đến cụ thể; nên giữ đúng landing nguồn thay vì hub tổng quát.
https://khangvuongbooking.com/ve-may-bay-ho-chi-minh-di-daegu-han-quoc-gia-re/,vé máy bay đi daegu | sân bay daegu,0,130,,create_specific_landing,/ve-may-bay-ho-chi-minh-di-daegu-han-quoc-gia-re,Có intent route/hãng/dịch vụ cụ thể và/hoặc dữ liệu hiển thị đáng kể; tạo landing tương ứng để giữ nguyên ý định tìm kiếm.
https://khangvuongbooking.com/huong-dan-san-ve-ha-noi-han-di-my-thang-4-5-6/,,0,53,,create_specific_landing,/huong-dan-san-ve-ha-noi-han-di-my-thang-4-5-6,Có intent route/hãng/dịch vụ cụ thể và/hoặc dữ liệu hiển thị đáng kể; tạo landing tương ứng để giữ nguyên ý định tìm kiếm.
https://khangvuongbooking.com/quy-dinh-tre-em-di-may-bay-vietjet-air-ban-can-biet/,trẻ em trên 2 tuổi đi máy bay vietjet | bao nhiêu tuổi được đi máy bay 1 mình | vé máy bay trẻ em dưới 12 tuổi vietjet | vé trẻ em vietjet | vé máy bay trẻ em vietjet,0,322,/cam-nang-bay,remap_existing,/quy-dinh-tre-em-di-may-bay-vietjet-air-ban-can-biet,URL và truy vấn thể hiện intent hãng/dịch vụ/điểm đến cụ thể; nên giữ đúng landing nguồn thay vì hub tổng quát.
https://khangvuongbooking.com/bang-gia-ve-ho-chi-minh-di-bangalore/,site:khangvuongbooking.com,0,73,,create_specific_landing,/bang-gia-ve-ho-chi-minh-di-bangalore,Có intent route/hãng/dịch vụ cụ thể và/hoặc dữ liệu hiển thị đáng kể; tạo landing tương ứng để giữ nguyên ý định tìm kiếm.
https://khangvuongbooking.com/mua-them-hanh-ly-cac-hang-hang-khong/,,0,1,,create_specific_landing,/mua-them-hanh-ly-cac-hang-hang-khong,Có intent route/hãng/dịch vụ cụ thể và/hoặc dữ liệu hiển thị đáng kể; tạo landing tương ứng để giữ nguyên ý định tìm kiếm.
https://khangvuongbooking.com/wp-content/uploads/2018/07/bangkok-thailand-2880x1800.jpg,,0,1,,retire_low_value,/wp-content/uploads/2018/07/bangkok-thailand-2880x1800.jpg,URL là tệp media/tài liệu; không redirect sang landing không liên quan.
https://khangvuongbooking.com/ve-may-bay-ho-chi-minh-di-busan-han-quoc-gia-re/,vé máy bay đi busan | giá vé máy bay tp. hồ chí minh busan | giá vé máy bay đi busan hàn quốc | vé máy bay sài gòn busan | vé máy bay đi busan hàn quốc,0,319,/ve-may-bay,remap_existing,/ve-may-bay-ho-chi-minh-di-busan-han-quoc-gia-re,URL và truy vấn thể hiện intent hãng/dịch vụ/điểm đến cụ thể; nên giữ đúng landing nguồn thay vì hub tổng quát.
https://khangvuongbooking.com/ve-may-bay-ha-noi-di-montreal-canada/,vé máy bay đi montreal | vé máy bay từ hà nội đi montreal | site:khangvuongbooking.com | vé máy bay đi montreal canada | giá vé máy bay từ hà nội đi canada,0,177,,create_specific_landing,/ve-may-bay-ha-noi-di-montreal-canada,Có intent route/hãng/dịch vụ cụ thể và/hoặc dữ liệu hiển thị đáng kể; tạo landing tương ứng để giữ nguyên ý định tìm kiếm.
https://khangvuongbooking.com/ban-ve-ha-noi-di-miami-florida-my-thang-10/,vé máy bay đi miami,0,159,/hang-bay,remap_existing,/ban-ve-ha-noi-di-miami-florida-my-thang-10,URL và truy vấn thể hiện intent hãng/dịch vụ/điểm đến cụ thể; nên giữ đúng landing nguồn thay vì hub tổng quát.
https://khangvuongbooking.com/ve-may-bay-da-nang-di-ha-mon/,vé máy bay hà nội hạ môn,0,97,/ve-may-bay,remap_existing,/ve-may-bay-da-nang-di-ha-mon,URL và truy vấn thể hiện intent hãng/dịch vụ/điểm đến cụ thể; nên giữ đúng landing nguồn thay vì hub tổng quát.
https://khangvuongbooking.com/dat-ve-may-bay-sai-gon-tp-hcm-di-miami-florida-my-thang-8/,vé máy bay đi miami | vé máy bay đi florida mỹ | vé máy bay từ tp. hồ chí minh đi miami | sg miami | florida mỹ,0,169,,create_specific_landing,/dat-ve-may-bay-sai-gon-tp-hcm-di-miami-florida-my-thang-8,Có intent route/hãng/dịch vụ cụ thể và/hoặc dữ liệu hiển thị đáng kể; tạo landing tương ứng để giữ nguyên ý định tìm kiếm.
https://khangvuongbooking.com/dat-ve-may-bay-ha-noi-di-san-francisco-my-thang-7/,vé máy bay từ hà nội đi san francisco | ve may bay di san francisco | vé máy bay từ san francisco đi hà nội | ve may bay di san francisco my,0,191,/ve-may-bay,remap_existing,/dat-ve-may-bay-ha-noi-di-san-francisco-my-thang-7,URL và truy vấn thể hiện intent hãng/dịch vụ/điểm đến cụ thể; nên giữ đúng landing nguồn thay vì hub tổng quát.
https://khangvuongbooking.com/ve-may-bay-ho-chi-minh-di-jeju-han-quoc-gia-re/,vé máy bay đi jeju | vé máy bay đi jeju hàn quốc | chuyến bay thẳng từ hcm đến jeju | vé máy bay từ seoul đi jeju | vé máy bay đi đảo jeju hàn quốc,0,239,,create_specific_landing,/ve-may-bay-ho-chi-minh-di-jeju-han-quoc-gia-re,Có intent route/hãng/dịch vụ cụ thể và/hoặc dữ liệu hiển thị đáng kể; tạo landing tương ứng để giữ nguyên ý định tìm kiếm.
https://khangvuongbooking.com/chuyen-bay-ha-noi-di-los-angeles-my-thang-9/,han lax | vé máy bay từ hà nội đi los angeles | vé máy bay hà nội los angeles | ve may bay di los angeles | ve may bay di my thang 9,0,132,,create_specific_landing,/chuyen-bay-ha-noi-di-los-angeles-my-thang-9,Có intent route/hãng/dịch vụ cụ thể và/hoặc dữ liệu hiển thị đáng kể; tạo landing tương ứng để giữ nguyên ý định tìm kiếm.
https://khangvuongbooking.com/dat-mua-ve-may-bay-air-china-di-my/,air china de | china ac,0,113,/ve-may-bay,remap_existing,/dat-mua-ve-may-bay-air-china-di-my,URL và truy vấn thể hiện intent hãng/dịch vụ/điểm đến cụ thể; nên giữ đúng landing nguồn thay vì hub tổng quát.
https://khangvuongbooking.com/mua-them-hanh-ly-china-airlines-di-san-francisco/,mua thêm hành lý china airlines,0,24,,create_specific_landing,/mua-them-hanh-ly-china-airlines-di-san-francisco,Có intent route/hãng/dịch vụ cụ thể và/hoặc dữ liệu hiển thị đáng kể; tạo landing tương ứng để giữ nguyên ý định tìm kiếm.
https://khangvuongbooking.com/dat-ve-may-bay-sai-gon-tp-hcm-di-houston-my-thang-8/,vé máy bay từ houston đi tp. hồ chí minh | vé máy bay từ tphcm đi houston | vé máy bay đi houston | vé máy bay houston sài gòn | vé máy bay từ houston về sài gòn,0,289,,create_specific_landing,/dat-ve-may-bay-sai-gon-tp-hcm-di-houston-my-thang-8,Có intent route/hãng/dịch vụ cụ thể và/hoặc dữ liệu hiển thị đáng kể; tạo landing tương ứng để giữ nguyên ý định tìm kiếm.
https://khangvuongbooking.com/truy-tim-3-cung-dien-hoang-gia-thai-lan-noi-tieng/,cung điện hoàng gia thái lan | cung điện thái lan | cung điện hoàng gia | cung điện ở bangkok | cung điện chitralada,0,307,/cam-nang-bay,keep_existing,/cam-nang-bay,Intent tổng quát phù hợp với đích hiện có và chưa có tín hiệu route/dịch vụ cụ thể hơn.
https://khangvuongbooking.com/tag/ve-may-bay-ha-noi-di-yangon/,,0,57,/ve-may-bay,retire_low_value,/ve-may-bay,"URL tag/utility hoặc truy vấn site-brand; giữ làm hub hiện có nếu còn giá trị, nếu không nên loại khỏi migration."
https://khangvuongbooking.com/dat-mua-ve-dallas-my-ve-ho-chi-minh-ha-noi-gia-re/,vé máy bay từ dallas về việt nam | vé máy bay đi dallas | flight from dallas to ho chi minh | khang vuong booking | dallas to ho chi minh,0,132,/cam-nang-bay,keep_existing,/cam-nang-bay,Intent tổng quát phù hợp với đích hiện có và chưa có tín hiệu route/dịch vụ cụ thể hơn.
https://khangvuongbooking.com/ban-ve-ha-noi-di-honolulu-my-thang-10/,vé máy bay đi honolulu | vé máy bay từ hà nội đi honolulu | site:khangvuongbooking.com,0,231,/hang-bay,remap_existing,/ban-ve-ha-noi-di-honolulu-my-thang-10,URL và truy vấn thể hiện intent hãng/dịch vụ/điểm đến cụ thể; nên giữ đúng landing nguồn thay vì hub tổng quát.
https://khangvuongbooking.com/ve-may-bay-cac-hang-hang-khong/,khang vuong booking | vé máy bay | phòng vé máy bay huỳnh sang booking | vé máy bay các hãng | etihad airways của nước nào,0,114,/ve-may-bay,keep_existing,/ve-may-bay,Intent tổng quát phù hợp với đích hiện có và chưa có tín hiệu route/dịch vụ cụ thể hơn.
https://khangvuongbooking.com/tag/phong-ve-khang-vuong-booking/,khang vuong booking | site:khangvuongbooking.com | tổng đài booking,0,93,/cam-nang-bay,retire_low_value,/cam-nang-bay,"URL tag/utility hoặc truy vấn site-brand; giữ làm hub hiện có nếu còn giá trị, nếu không nên loại khỏi migration."
https://khangvuongbooking.com/ve-may-bay-ha-noi-di-busan-han-quoc-gia-re/,vé máy bay đi busan | vé máy bay hà nội busan | vé máy bay đi busan hàn quốc | vé máy bay đà nẵng busan | giá vé máy bay đi busan hàn quốc,0,304,,create_specific_landing,/ve-may-bay-ha-noi-di-busan-han-quoc-gia-re,Có intent route/hãng/dịch vụ cụ thể và/hoặc dữ liệu hiển thị đáng kể; tạo landing tương ứng để giữ nguyên ý định tìm kiếm.
https://khangvuongbooking.com/dat-mua-ve-may-bay-eva-air-di-san-francisco/,vé máy bay đi mỹ california eva | eva airline vé máy bay đi mỹ california rẻ | vé máy bay đi san francisco | vé máy bay đi mỹ giá rẻ eva air | vé máy bay đi mỹ eva air,0,194,/ve-may-bay,remap_existing,/dat-mua-ve-may-bay-eva-air-di-san-francisco,URL và truy vấn thể hiện intent hãng/dịch vụ/điểm đến cụ thể; nên giữ đúng landing nguồn thay vì hub tổng quát.
https://khangvuongbooking.com/tag/van-phong-khang-vuong-booking/,khang vuong booking,0,4,,retire_low_value,/cam-nang-bay,"URL tag/utility hoặc truy vấn site-brand; giữ làm hub hiện có nếu còn giá trị, nếu không nên loại khỏi migration."
https://khangvuongbooking.com/dat-mua-ve-may-bay-starlux-airlines-di-san-francisco/,vé máy bay đi san francisco | ve may bay di san francisco,0,93,/ve-may-bay,remap_existing,/dat-mua-ve-may-bay-starlux-airlines-di-san-francisco,URL và truy vấn thể hiện intent hãng/dịch vụ/điểm đến cụ thể; nên giữ đúng landing nguồn thay vì hub tổng quát.
https://khangvuongbooking.com/dat-ve-may-bay-ha-noi-di-san-jose-my-thang-8/,vé máy bay đi san jose | ve may bay di my thang 8 | sân bay quốc tế san jose | vé máy bay hà nội đi mỹ | vé máy bay đi mỹ tháng 8,0,229,,create_specific_landing,/dat-ve-may-bay-ha-noi-di-san-jose-my-thang-8,Có intent route/hãng/dịch vụ cụ thể và/hoặc dữ liệu hiển thị đáng kể; tạo landing tương ứng để giữ nguyên ý định tìm kiếm.
https://khangvuongbooking.com/dat-ve-may-bay-sai-gon-tp-hcm-di-chicago-my-thang-8/,khách sạn tại chicago | vé máy bay từ chicago về việt nam | vé máy bay từ tp. hồ chí minh đi chicago | vé máy bay đi chicago | vé máy bay từ tp hồ chí minh đi chicago,0,128,,create_specific_landing,/dat-ve-may-bay-sai-gon-tp-hcm-di-chicago-my-thang-8,Có intent route/hãng/dịch vụ cụ thể và/hoặc dữ liệu hiển thị đáng kể; tạo landing tương ứng để giữ nguyên ý định tìm kiếm.
https://khangvuongbooking.com/ve-may-bay-qatar-airways/,vé máy bay đi qatar | vé máy bay đi doha | vé máy bay việt nam qatar | vé máy bay đi kuwait | vé máy bay qatar,0,298,/ve-may-bay,keep_existing,/ve-may-bay,Intent tổng quát phù hợp với đích hiện có và chưa có tín hiệu route/dịch vụ cụ thể hơn.
https://khangvuongbooking.com/doi-ve-may-bay-china-airlines-di-new-york/,doi ve china airlines | đổi vé máy bay china airlines,0,69,,create_specific_landing,/doi-ve-may-bay-china-airlines-di-new-york,Có intent route/hãng/dịch vụ cụ thể và/hoặc dữ liệu hiển thị đáng kể; tạo landing tương ứng để giữ nguyên ý định tìm kiếm.
https://khangvuongbooking.com/dat-mua-ve-may-bay-da-nang-di-orlando-florida-my/,vé máy bay đi orlando | vé máy bay từ hà nội đi orlando,0,169,/ve-may-bay,remap_existing,/dat-mua-ve-may-bay-da-nang-di-orlando-florida-my,URL và truy vấn thể hiện intent hãng/dịch vụ/điểm đến cụ thể; nên giữ đúng landing nguồn thay vì hub tổng quát.
https://khangvuongbooking.com/vietnam-airlines-uu-dai-20-gia-ve-hang-thuong-gia/,giá vé máy bay hạng thương gia vietnam airline | vé máy bay vietnam airline hạng thương gia | vé máy bay hạng thương gia vietnam airline | vé máy bay thương gia vietnam airline | giá vé hạng thương gia sài gòn hà nội,0,295,/khuyen-mai,remap_existing,/vietnam-airlines-uu-dai-20-gia-ve-hang-thuong-gia,URL và truy vấn thể hiện intent hãng/dịch vụ/điểm đến cụ thể; nên giữ đúng landing nguồn thay vì hub tổng quát.
https://khangvuongbooking.com/gia-ve-may-bay-ha-noi-di-san-francisco-sfo-my-thang-11-12/,ve may bay di san francisco | vé máy bay từ hà nội đi san francisco | hà nội,0,227,,create_specific_landing,/gia-ve-may-bay-ha-noi-di-san-francisco-sfo-my-thang-11-12,Có intent route/hãng/dịch vụ cụ thể và/hoặc dữ liệu hiển thị đáng kể; tạo landing tương ứng để giữ nguyên ý định tìm kiếm.
https://khangvuongbooking.com/dat-ve-may-bay-ha-noi-di-san-jose-my-thang-7/,ve di my thang 7,0,161,,create_specific_landing,/dat-ve-may-bay-ha-noi-di-san-jose-my-thang-7,Có intent route/hãng/dịch vụ cụ thể và/hoặc dữ liệu hiển thị đáng kể; tạo landing tương ứng để giữ nguyên ý định tìm kiếm.
https://khangvuongbooking.com/ve-may-bay-da-nang-di-seoul-han-quoc-gia-re/,vé máy bay đà nẵng seoul | vé máy bay đà nẵng hàn quốc | vé máy bay đà nẵng incheon | vé máy bay từ đà nẵng đi hàn quốc | vé máy bay đà nẵng đi hàn quốc,0,227,,create_specific_landing,/ve-may-bay-da-nang-di-seoul-han-quoc-gia-re,Có intent route/hãng/dịch vụ cụ thể và/hoặc dữ liệu hiển thị đáng kể; tạo landing tương ứng để giữ nguyên ý định tìm kiếm.
https://khangvuongbooking.com/kinh-nghiem-mua-ve-ha-noi-di-an-do-thang-10-11-12/,site:khangvuongbooking.com | tàu điện,0,74,,create_specific_landing,/kinh-nghiem-mua-ve-ha-noi-di-an-do-thang-10-11-12,Có intent route/hãng/dịch vụ cụ thể và/hoặc dữ liệu hiển thị đáng kể; tạo landing tương ứng để giữ nguyên ý định tìm kiếm.
https://khangvuongbooking.com/doi-ve-may-bay-china-airlines-di-seattle/,doi ve china eastern airlines,0,52,,create_specific_landing,/doi-ve-may-bay-china-airlines-di-seattle,Có intent route/hãng/dịch vụ cụ thể và/hoặc dữ liệu hiển thị đáng kể; tạo landing tương ứng để giữ nguyên ý định tìm kiếm.
https://khangvuongbooking.com/tim-ve-re-ho-chi-minh-sgn-di-chennai/,sgn to maa | vietnam to chennai flight | ho chi minh to chennai | site:khangvuongbooking.com | vietnam to chennai,0,106,,create_specific_landing,/tim-ve-re-ho-chi-minh-sgn-di-chennai,Có intent route/hãng/dịch vụ cụ thể và/hoặc dữ liệu hiển thị đáng kể; tạo landing tương ứng để giữ nguyên ý định tìm kiếm.
https://khangvuongbooking.com/dat-mua-ve-may-bay-nippon-airways-di-orlando-florida/,vé máy bay đi orlando | vé máy bay từ hà nội đi orlando | phòng vé nippon airways | vé máy bay đi florida mỹ,0,285,/ve-may-bay,remap_existing,/dat-mua-ve-may-bay-nippon-airways-di-orlando-florida,URL và truy vấn thể hiện intent hãng/dịch vụ/điểm đến cụ thể; nên giữ đúng landing nguồn thay vì hub tổng quát.
https://khangvuongbooking.com/ve-may-bay-da-nang-di-hong-kong/,vé máy bay hong kong đà nẵng | vé máy bay đà nẵng hong kong | vé máy bay đà nẵng quảng châu | da nang to hong kong,0,281,,create_specific_landing,/ve-may-bay-da-nang-di-hong-kong,Có intent route/hãng/dịch vụ cụ thể và/hoặc dữ liệu hiển thị đáng kể; tạo landing tương ứng để giữ nguyên ý định tìm kiếm.
https://khangvuongbooking.com/wp-content/uploads/2023/06/Kimbap-tam-giac-Han-Quoc-duoc-gioi-tre-ua-chuong.webp,,0,1,,retire_low_value,/wp-content/uploads/2023/06/Kimbap-tam-giac-Han-Quoc-duoc-gioi-tre-ua-chuong.webp,URL là tệp media/tài liệu; không redirect sang landing không liên quan.
https://khangvuongbooking.com/dat-ve-ho-chi-minh-di-new-delhi/,site:khangvuongbooking.com | vé máy bay đi delhi,0,46,,create_specific_landing,/dat-ve-ho-chi-minh-di-new-delhi,Có intent route/hãng/dịch vụ cụ thể và/hoặc dữ liệu hiển thị đáng kể; tạo landing tương ứng để giữ nguyên ý định tìm kiếm.
https://khangvuongbooking.com/ve-may-bay-di-domodedovo-moscow-nga-vietnam-airlines/,vé máy bay đi moscow domodedovo | vé máy bay đi moscow | vé máy bay moscow hà nội,0,80,/ve-may-bay,remap_existing,/ve-may-bay-di-domodedovo-moscow-nga-vietnam-airlines,URL và truy vấn thể hiện intent hãng/dịch vụ/điểm đến cụ thể; nên giữ đúng landing nguồn thay vì hub tổng quát.
https://khangvuongbooking.com/dat-mua-ve-may-bay-da-nang-di-new-york-my/,vé máy bay từ mỹ về đà nẵng | site:khangvuongbooking.com | ve may bay di new york,0,156,,create_specific_landing,/dat-mua-ve-may-bay-da-nang-di-new-york-my,Có intent route/hãng/dịch vụ cụ thể và/hoặc dữ liệu hiển thị đáng kể; tạo landing tương ứng để giữ nguyên ý định tìm kiếm.
https://khangvuongbooking.com/tag/nhung-quy-dinh-ba-bau-di-may-bay-vietjet-air/,quy định bay vietjet cho bà bầu | quy định phụ nữ mang thai đi máy bay vietjet | site:khangvuongbooking.com,0,92,/cam-nang-bay,retire_low_value,/cam-nang-bay,"URL tag/utility hoặc truy vấn site-brand; giữ làm hub hiện có nếu còn giá trị, nếu không nên loại khỏi migration."
https://khangvuongbooking.com/tag/ve-may-bay-di-thai-lan-gia-re/page/1/,,0,2,,retire_low_value,/cam-nang-bay,"URL tag/utility hoặc truy vấn site-brand; giữ làm hub hiện có nếu còn giá trị, nếu không nên loại khỏi migration."
https://khangvuongbooking.com/dat-mua-ve-may-bay-ha-noi-di-my-pho-thong/,vé máy bay hà nội đi mỹ | giá vé máy bay từ hà nội đi mỹ | site:khangvuongbooking.com | may bay di my | vé máy bay từ hà nội đi mỹ,0,275,,create_specific_landing,/dat-mua-ve-may-bay-ha-noi-di-my-pho-thong,Có intent route/hãng/dịch vụ cụ thể và/hoặc dữ liệu hiển thị đáng kể; tạo landing tương ứng để giữ nguyên ý định tìm kiếm.
https://khangvuongbooking.com/ve-may-bay-da-nang-di-daegu-han-quoc-gia-re/,vé máy bay đi daegu | vé máy bay đà nẵng hàn quốc | vé máy bay từ đà nẵng đi hàn quốc | vé máy bay đà nẵng đi hàn quốc | daegu cách seoul bao xa,0,151,,create_specific_landing,/ve-may-bay-da-nang-di-daegu-han-quoc-gia-re,Có intent route/hãng/dịch vụ cụ thể và/hoặc dữ liệu hiển thị đáng kể; tạo landing tương ứng để giữ nguyên ý định tìm kiếm.
https://khangvuongbooking.com/dat-ve-may-bay-ha-noi-di-phoenix-arizona-my-thang-7/,vé máy bay đi phoenix | khách sạn gần nhà ga amsterdam rai | vé máy bay từ hà nội đi phoenix | hà my phonenix,0,236,,create_specific_landing,/dat-ve-may-bay-ha-noi-di-phoenix-arizona-my-thang-7,Có intent route/hãng/dịch vụ cụ thể và/hoặc dữ liệu hiển thị đáng kể; tạo landing tương ứng để giữ nguyên ý định tìm kiếm.
https://khangvuongbooking.com/doi-ngay-ve-may-bay-china-airlines-di-portland-oregon-my/,doi ngay china airlines | vé máy bay đi portland,0,16,,create_specific_landing,/doi-ngay-ve-may-bay-china-airlines-di-portland-oregon-my,Có intent route/hãng/dịch vụ cụ thể và/hoặc dữ liệu hiển thị đáng kể; tạo landing tương ứng để giữ nguyên ý định tìm kiếm.
https://khangvuongbooking.com/dat-ve-may-bay-ha-noi-di-austin-my-thang-8/,vé máy bay đi austin | ve may bay di my thang 8 | site:khangvuongbooking.com | vé máy bay hà nội đi mỹ,0,210,,create_specific_landing,/dat-ve-may-bay-ha-noi-di-austin-my-thang-8,Có intent route/hãng/dịch vụ cụ thể và/hoặc dữ liệu hiển thị đáng kể; tạo landing tương ứng để giữ nguyên ý định tìm kiếm.
https://khangvuongbooking.com/dat-ve-may-bay-ha-noi-di-atlanta-my-thang-7/,vé máy bay đi atlanta | coca cola việt nam | lyft atlanta transportation,0,273,/ve-may-bay,remap_existing,/dat-ve-may-bay-ha-noi-di-atlanta-my-thang-7,URL và truy vấn thể hiện intent hãng/dịch vụ/điểm đến cụ thể; nên giữ đúng landing nguồn thay vì hub tổng quát.
https://khangvuongbooking.com/ve-may-bay-ho-chi-minh-di-adelaide-uc/,vé máy bay đi adelaide | sân bay adelaide | sân bay quốc tế adelaide | vé máy bay từ tphcm đi adelaide | vé máy bay từ adelaide về việt nam,0,270,,create_specific_landing,/ve-may-bay-ho-chi-minh-di-adelaide-uc,Có intent route/hãng/dịch vụ cụ thể và/hoặc dữ liệu hiển thị đáng kể; tạo landing tương ứng để giữ nguyên ý định tìm kiếm.
https://khangvuongbooking.com/ve-may-bay-da-nang-di-con-minh/,vé máy bay đi côn minh trung quốc | vé máy bay đi côn minh | vé máy bay đi kunming | vé máy bay hà nội kunming | vé máy bay đà nẵng đi côn đảo,0,267,,create_specific_landing,/ve-may-bay-da-nang-di-con-minh,Có intent route/hãng/dịch vụ cụ thể và/hoặc dữ liệu hiển thị đáng kể; tạo landing tương ứng để giữ nguyên ý định tìm kiếm.
https://khangvuongbooking.com/dat-ve-may-bay-ha-noi-di-miami-florida-my-thang-8/,vé máy bay đi florida mỹ | vé máy bay đi miami | thuê xe tự lái miami | vé máy bay hà nội đi mỹ,0,122,,create_specific_landing,/dat-ve-may-bay-ha-noi-di-miami-florida-my-thang-8,Có intent route/hãng/dịch vụ cụ thể và/hoặc dữ liệu hiển thị đáng kể; tạo landing tương ứng để giữ nguyên ý định tìm kiếm.
https://khangvuongbooking.com/ve-may-bay-quoc-te/ve-may-bay-di-my-gia-re/page/1/,,0,1,,create_specific_landing,/ve-may-bay-quoc-te/ve-may-bay-di-my-gia-re/page/1,Có intent route/hãng/dịch vụ cụ thể và/hoặc dữ liệu hiển thị đáng kể; tạo landing tương ứng để giữ nguyên ý định tìm kiếm.
https://khangvuongbooking.com/mua-ve-khu-hoi-ha-noi-han-di-an-do-thang-7-8-9/,,0,86,,create_specific_landing,/mua-ve-khu-hoi-ha-noi-han-di-an-do-thang-7-8-9,Có intent route/hãng/dịch vụ cụ thể và/hoặc dữ liệu hiển thị đáng kể; tạo landing tương ứng để giữ nguyên ý định tìm kiếm.
https://khangvuongbooking.com/bay-dang-cap-cung-qatar-ve-khu-hoi-cuc-thap-tu-3200000-vnd-trong-2-ngay/,"3,200,000 | 3200000 | ¥3,200,000 | 3,200,000 vnd | 3200000 vnd",0,58,/cam-nang-bay,keep_existing,/cam-nang-bay,Intent tổng quát phù hợp với đích hiện có và chưa có tín hiệu route/dịch vụ cụ thể hơn.
https://khangvuongbooking.com/chuyen-bay-ha-noi-di-phoenix-arizona-my-thang-9/,vé máy bay đi phoenix | phoenix hà my,0,28,,create_specific_landing,/chuyen-bay-ha-noi-di-phoenix-arizona-my-thang-9,Có intent route/hãng/dịch vụ cụ thể và/hoặc dữ liệu hiển thị đáng kể; tạo landing tương ứng để giữ nguyên ý định tìm kiếm.
https://khangvuongbooking.com/ban-ve-sai-gon-tp-hcm-di-los-angeles-my-thang-10/,vé máy bay từ tphcm đi los angeles | ve may bay di my thang 10 | vé máy bay từ tp hồ chí minh đi los angeles,0,108,/hang-bay,remap_existing,/ban-ve-sai-gon-tp-hcm-di-los-angeles-my-thang-10,URL và truy vấn thể hiện intent hãng/dịch vụ/điểm đến cụ thể; nên giữ đúng landing nguồn thay vì hub tổng quát.
https://khangvuongbooking.com/ban-ve-ha-noi-di-boston-my-thang-10/,vé máy bay từ hà nội đi boston | vé máy bay đi boston mỹ,0,150,,create_specific_landing,/ban-ve-ha-noi-di-boston-my-thang-10,Có intent route/hãng/dịch vụ cụ thể và/hoặc dữ liệu hiển thị đáng kể; tạo landing tương ứng để giữ nguyên ý định tìm kiếm.
https://khangvuongbooking.com/dat-mua-ve-may-bay-ha-noi-di-miami-florida-my/,vé máy bay đi miami | vé máy bay đi florida mỹ | miami thuộc nước nào | sân bay miami | tiểu bang miami,0,150,/ve-may-bay,remap_existing,/dat-mua-ve-may-bay-ha-noi-di-miami-florida-my,URL và truy vấn thể hiện intent hãng/dịch vụ/điểm đến cụ thể; nên giữ đúng landing nguồn thay vì hub tổng quát.
https://khangvuongbooking.com/dat-mua-ve-may-bay-eva-air-di-new-york/,ve may bay eva air di my | vé máy bay đi mỹ giá rẻ eva air | giá vé máy bay đi mỹ hãng eva | giá vé máy bay eva đi mỹ | giá vé máy bay hãng eva đi mỹ,0,267,/ve-may-bay,remap_existing,/dat-mua-ve-may-bay-eva-air-di-new-york,URL và truy vấn thể hiện intent hãng/dịch vụ/điểm đến cụ thể; nên giữ đúng landing nguồn thay vì hub tổng quát.
https://khangvuongbooking.com/tag/dai-ly-qatar-airwqays/,dai ly qatar airways,0,78,/cam-nang-bay,retire_low_value,/cam-nang-bay,"URL tag/utility hoặc truy vấn site-brand; giữ làm hub hiện có nếu còn giá trị, nếu không nên loại khỏi migration."
https://khangvuongbooking.com/dat-mua-ve-may-bay-eva-air-di-boston/,vé máy bay đi boston | boston cách việt nam bao nhiều tiếng | vé máy bay từ hà nội đi boston | boston cách việt nam bao nhiêu tiếng | vé máy bay đi boston mỹ,0,266,/ve-may-bay,remap_existing,/dat-mua-ve-may-bay-eva-air-di-boston,URL và truy vấn thể hiện intent hãng/dịch vụ/điểm đến cụ thể; nên giữ đúng landing nguồn thay vì hub tổng quát.
https://khangvuongbooking.com/tim-ve-re-tp-hcm-di-an-do-thang-10-11-12/,,0,11,,create_specific_landing,/tim-ve-re-tp-hcm-di-an-do-thang-10-11-12,Có intent route/hãng/dịch vụ cụ thể và/hoặc dữ liệu hiển thị đáng kể; tạo landing tương ứng để giữ nguyên ý định tìm kiếm.
https://khangvuongbooking.com/tag/ve-may-bay-asiana-gia-re/,vé máy bay đi mỹ hãng asiana airline | đại lý vé máy bay asiana airlines | đặt vé máy bay asiana airlines | 574usd | 543usd,0,66,/ve-may-bay,retire_low_value,/ve-may-bay,"URL tag/utility hoặc truy vấn site-brand; giữ làm hub hiện có nếu còn giá trị, nếu không nên loại khỏi migration."
https://khangvuongbooking.com/chuyen-bay-sai-gon-tp-hcm-di-austin-my-thang-9/,vé máy bay đi austin | vé máy bay từ tp. hồ chí minh đi austin,0,126,/hang-bay,remap_existing,/chuyen-bay-sai-gon-tp-hcm-di-austin-my-thang-9,URL và truy vấn thể hiện intent hãng/dịch vụ/điểm đến cụ thể; nên giữ đúng landing nguồn thay vì hub tổng quát.
https://khangvuongbooking.com/dat-mua-ve-may-bay-nippon-airways-di-dallas-texas/,vé máy bay đi dallas | vé máy bay đi mỹ texas | vé máy bay đi dallas-fort worth | vé máy bay đi texas mỹ | vé máy bay đi texas,0,261,/ve-may-bay,remap_existing,/dat-mua-ve-may-bay-nippon-airways-di-dallas-texas,URL và truy vấn thể hiện intent hãng/dịch vụ/điểm đến cụ thể; nên giữ đúng landing nguồn thay vì hub tổng quát.
https://khangvuongbooking.com/wp-content/uploads/2018/02/Tan_Son_Nhat1.jpg,,0,1,,retire_low_value,/wp-content/uploads/2018/02/Tan_Son_Nhat1.jpg,URL là tệp media/tài liệu; không redirect sang landing không liên quan.
https://khangvuongbooking.com/dat-ve-may-bay-ha-noi-di-austin-my-thang-7/,vé máy bay đi austin | vé máy bay hà nội đi mỹ | site:khangvuongbooking.com | my austin và bà nội,0,244,,create_specific_landing,/dat-ve-may-bay-ha-noi-di-austin-my-thang-7,Có intent route/hãng/dịch vụ cụ thể và/hoặc dữ liệu hiển thị đáng kể; tạo landing tương ứng để giữ nguyên ý định tìm kiếm.
https://khangvuongbooking.com/china-airlines-giam-gia-len-den-25-chuyen-bay-di-dai-bac/,china airlines đi đài bắc | ci786 | dai ly china air,0,184,/khuyen-mai,remap_existing,/china-airlines-giam-gia-len-den-25-chuyen-bay-di-dai-bac,URL và truy vấn thể hiện intent hãng/dịch vụ/điểm đến cụ thể; nên giữ đúng landing nguồn thay vì hub tổng quát.
https://khangvuongbooking.com/ve-may-bay-ho-chi-minh-di-sydney-uc/,vé máy bay tphcm đi sydney | vé máy bay đi úc sydney | vé máy bay đi từ sài gòn đến sydney | giá vé máy bay từ sài gòn đi sydney | vé máy bay sài gòn sydney,0,258,,create_specific_landing,/ve-may-bay-ho-chi-minh-di-sydney-uc,Có intent route/hãng/dịch vụ cụ thể và/hoặc dữ liệu hiển thị đáng kể; tạo landing tương ứng để giữ nguyên ý định tìm kiếm.
https://khangvuongbooking.com/mua-ve-khu-hoi-ha-noi-han-di-mumbai/,,0,21,,create_specific_landing,/mua-ve-khu-hoi-ha-noi-han-di-mumbai,Có intent route/hãng/dịch vụ cụ thể và/hoặc dữ liệu hiển thị đáng kể; tạo landing tương ứng để giữ nguyên ý định tìm kiếm.
https://khangvuongbooking.com/dat-mua-ve-may-bay-da-nang-di-dallas-texas-my/,vé máy bay đi dallas | vé máy bay đi texas mỹ | vé máy bay đi dallas-fort worth,0,81,/ve-may-bay,remap_existing,/dat-mua-ve-may-bay-da-nang-di-dallas-texas-my,URL và truy vấn thể hiện intent hãng/dịch vụ/điểm đến cụ thể; nên giữ đúng landing nguồn thay vì hub tổng quát.
https://khangvuongbooking.com/ve-may-bay-di-anh-gia-re-moi-nhat-2025/,vé máy bay đi birmingham | vé máy bay đi anh giá rẻ | vé máy bay đi anh | vé máy bay sang anh | vé máy bay đi london gatwick,0,254,/ve-may-bay,remap_existing,/ve-may-bay-di-anh-gia-re-moi-nhat-2025,URL và truy vấn thể hiện intent hãng/dịch vụ/điểm đến cụ thể; nên giữ đúng landing nguồn thay vì hub tổng quát.
https://khangvuongbooking.com/ban-ve-ha-noi-di-houston-my-thang-10/,vé máy bay đi houston | vé may bay từ hà nội đi houston | thủ phủ texas | từ cần điền,0,158,,create_specific_landing,/ban-ve-ha-noi-di-houston-my-thang-10,Có intent route/hãng/dịch vụ cụ thể và/hoặc dữ liệu hiển thị đáng kể; tạo landing tương ứng để giữ nguyên ý định tìm kiếm.
https://khangvuongbooking.com/dat-mua-ve-may-bay-china-airlines-di-seattle/,site:khangvuongbooking.com | ve may bay china airlines di my,0,55,/ve-may-bay,remap_existing,/dat-mua-ve-may-bay-china-airlines-di-seattle,URL và truy vấn thể hiện intent hãng/dịch vụ/điểm đến cụ thể; nên giữ đúng landing nguồn thay vì hub tổng quát.
https://khangvuongbooking.com/dat-ve-may-bay-ha-noi-di-dallas-texas-my-thang-8/,vé máy bay đi dallas | vé máy bay từ hà nội đi dallas | vé máy bay đi texas mỹ | korean air | vé máy bay đi mỹ texas,0,161,/ve-may-bay,remap_existing,/dat-ve-may-bay-ha-noi-di-dallas-texas-my-thang-8,URL và truy vấn thể hiện intent hãng/dịch vụ/điểm đến cụ thể; nên giữ đúng landing nguồn thay vì hub tổng quát.
https://khangvuongbooking.com/mua-them-hanh-ly-china-airlines-di-los-angeles/,mua hanh ly china airlines | mua thêm hành lý china airlines | mua thêm kiện hành lý china airlines | site:khangvuongbooking.com,0,83,,create_specific_landing,/mua-them-hanh-ly-china-airlines-di-los-angeles,Có intent route/hãng/dịch vụ cụ thể và/hoặc dữ liệu hiển thị đáng kể; tạo landing tương ứng để giữ nguyên ý định tìm kiếm.
https://khangvuongbooking.com/tag/quy-dinh-cua-jetstar-doi-voi-ba-bau-di-may-bay/,,0,1,,retire_low_value,/cam-nang-bay,"URL tag/utility hoặc truy vấn site-brand; giữ làm hub hiện có nếu còn giá trị, nếu không nên loại khỏi migration."
https://khangvuongbooking.com/ve-may-bay-di-canada-gia-re/b,,0,1,,create_specific_landing,/ve-may-bay-di-canada-gia-re/b,Có intent route/hãng/dịch vụ cụ thể và/hoặc dữ liệu hiển thị đáng kể; tạo landing tương ứng để giữ nguyên ý định tìm kiếm.
https://khangvuongbooking.com/ve-may-bay-ha-noi-di-dai-trung-dai-loan-gia-re/,vé máy bay đi đài trung | giá vé máy bay từ hà nội đi đài loan | vé máy bay từ hà nội đi đài loan | vé máy bay đi đài trung đài loan | vé máy bay hà nội đài trung,0,250,,create_specific_landing,/ve-may-bay-ha-noi-di-dai-trung-dai-loan-gia-re,Có intent route/hãng/dịch vụ cụ thể và/hoặc dữ liệu hiển thị đáng kể; tạo landing tương ứng để giữ nguyên ý định tìm kiếm.
